"";24.05.2005;23.08.2005;22.11.2005;22.02.2006;23.05.2006;24.08.2006;23.11.2006;22.02.2007;24.05.2007;23.08.2007;22.11.2007;26.02.2008;27.05.2008;26.08.2008;25.11.2008;25.02.2009;26.05.2009;25.08.2009;24.11.2009;24.02.2010;21.05.2010;24.08.2010;23.11.2010;24.02.2011;24.05.2011;01.09.2011;24.11.2011;24.02.2012;24.05.2012;23.08.2012;23.11.2012;22.02.2013;24.05.2013;23.08.2013;22.11.2013;25.02.2014;23.05.2014;01.09.2014;25.11.2014;24.02.2015;22.05.2015;25.08.2015;24.11.2015;23.02.2016;24.05.2016;24.08.2016;24.11.2016;23.02.2017;23.05.2017;25.08.2017;23.11.2017;23.02.2018;24.05.2018;24.08.2018;23.11.2018;22.02.2019;23.05.2019;27.08.2019;22.11.2019;25.02.2020;25.05.2020;25.08.2020;24.11.2020;24.02.2021;25.05.2021;24.08.2021;25.11.2021;25.02.2022;25.05.2022;25.08.2022;25.11.2022;24.02.2023;25.05.2023;25.08.2023;12.10.2023;24.11.2023;23.02.2024;24.05.2024;30.08.2024;22.11.2024;25.02.2025;23.05.2025;22.08.2025;25.11.2025
"";;;;;;;;;;;;;;;;;;;;;;;;;;;;;;;;;;;;;;;;;;;;;;;;;;;;;;;;;;;;;;;;;;;;;;;;;;;;;;;;;;;;
Aufzeichnungsmethode;Computer;Computer;Computer;Computer;Computer;Computer;Computer;Computer;Computer;Computer;Computer;Computer;Computer;Computer;Computer;Computer;Computer;Computer;Computer;Computer;Computer;Computer;Computer;Computer;Computer;Computer;Computer;Computer;Computer;Computer;Computer;Computer;Computer;Computer;Computer;Computer;Computer;Computer;Computer;Computer;Computer;Computer;Computer;Computer;Computer;Computer;Computer;Computer;Computer;Computer;Computer;Computer;Computer;;Computer;Computer;Computer;Computer;Computer;Computer;Computer;Computer;Computer;Computer;Computer;Computer;Computer;Computer;Computer;Computer;Computer;Computer;Computer;Computer;Computer;Computer;Computer;Computer;Computer;Computer;Computer;Computer;Computer;Computer
BBK_COMM_SRC;;;;;;;;;;;;;;;;;;;;;;;;;;;;;;;;;;;;;;;Saisonbereinigung basierend auf Ursprungswerten des Statistischen Bundesamts;;Saisonbereinigung basierend auf Ursprungswerten des Statistischen Bundesamts;Saisonbereinigung basierend auf Ursprungswerten des Statistischen Bundesamts;;;;;;;;;;;;;;;;;;;;;;;;;;;;;;;;;;;;;;;;Saisonbereinigung basierend auf Ursprungswerten des Statistischen Bundesamts;Saisonbereinigung basierend auf Ursprungswerten des Statistischen Bundesamts;Saisonbereinigung basierend auf Ursprungswerten des Statistischen Bundesamts
Basisjahr;2000;2000;2000;2000;2000;2000;2000;2000;2000;2000;2000;2000;2000;2000;2000;2000;2000;2000;2000;2000;2000;2000;2000;2000;2000;2005;2005;2005;2005;2005;2005;2005;2005;2005;2005;2005;2005;2010;2010;2010;2010;2010;2010;2010;2010;2010;2010;2010;2010;2010;2010;2010;2010;;2010;2010;2010;2015;2015;2015;2015;2015;2015;2015;2015;2015;2015;2015;2015;2015;2015;2015;2015;2015;2015;2015;2015;2015;2020;2020;2020;2020;2020;2020
Dezimalstellen;2;2;2;2;2;2;2;2;2;2;2;2;2;2;2;2;2;2;2;2;2;2;2;2;2;2;2;2;2;2;2;2;2;2;2;2;2;2;2;2;2;2;2;2;2;2;2;2;2;2;2;2;2;2;2;2;2;2;2;2;2;2;2;2;2;2;2;2;2;2;2;2;2;2;2;2;2;2;2;2;2;2;2;2
Dimension;Eins;Eins;Eins;Eins;Eins;Eins;Eins;Eins;Eins;Eins;Eins;Eins;Eins;Eins;Eins;Eins;Eins;Eins;Eins;Eins;Eins;Eins;Eins;Eins;Eins;Eins;Eins;Eins;Eins;Eins;Eins;Eins;Eins;Eins;Eins;Eins;Eins;Eins;Eins;Eins;Eins;Eins;Eins;Eins;Eins;Eins;Eins;Eins;Eins;Eins;Eins;Eins;Eins;Eins;Eins;Eins;Eins;Eins;Eins;Eins;Eins;Eins;Eins;Eins;Eins;Eins;Eins;Eins;Eins;Eins;Eins;Eins;Eins;Eins;Eins;Eins;Eins;Eins;Eins;Eins;Eins;Eins;Eins;Eins
Einheit;2000=100;2000=100;2000=100;2000=100;2000=100;2000=100;2000=100;2000=100;2000=100;2000=100;2000=100;2000=100;2000=100;2000=100;2000=100;2000=100;2000=100;2000=100;2000=100;2000=100;2000=100;2000=100;2000=100;2000=100;2000=100;2005=100;2005=100;2005=100;2005=100;2005=100;2005=100;2005=100;2005=100;2005=100;2005=100;2005=100;2005=100;2010=100;2010=100;2010=100;2010=100;2010=100;2010=100;2010=100;2010=100;2010=100;2010=100;2010=100;2010=100;2010=100;2010=100;2010=100;2010=100;2010=100;2010=100;2010=100;2010=100;2015=100;2015=100;2015=100;2015=100;2015=100;2015=100;2015=100;2015=100;2015=100;2015=100;2015=100;2015=100;2015=100;2015=100;2015=100;2015=100;2015=100;2015=100;2015=100;2015=100;2015=100;2020=100;2020=100;2020=100;2020=100;2020=100;2020=100
FREQ;Q;Q;Q;Q;Q;Q;Q;Q;Q;Q;Q;Q;Q;Q;Q;Q;Q;Q;Q;Q;Q;Q;Q;Q;Q;Q;Q;Q;Q;Q;Q;Q;Q;Q;Q;Q;Q;Q;Q;Q;Q;Q;Q;Q;Q;Q;Q;Q;Q;Q;Q;Q;Q;Q;Q;Q;Q;Q;Q;Q;Q;Q;Q;Q;Q;Q;Q;Q;Q;Q;Q;Q;Q;Q;Q;Q;Q;Q;Q;Q;Q;Q;Q;Q
Kategorie;RTAAU1;RTAAU1;RTAAU1;RTAAU1;RTAAU1;RTAAU1;RTAAU1;RTAAU1;RTAAU1;RTAAU1;RTAAU1;RTAAU1;RTAAU1;RTAAU1;RTAAU1;RTAAU1;RTAAU1;RTAAU1;RTAAU1;RTAAU1;RTAAU1;RTAAU1;RTAAU1;RTAAU1;RTAAU1;RTAAU1;RTAAU1;RTAAU1;RTAAU1;RTAAU1;RTAAU1;RTAAU1;RTAAU1;RTAAU1;RTAAU1;RTAAU1;RTAAU1;RTAAU1;RTAAU1;RTAAU1;RTAAU1;RTAAU1;RTAAU1;RTAAU1;RTAAU1;RTAAU1;RTAAU1;RTAAU1;RTAAU1;RTAAU1;RTAAU1;RTAAU1;RTAAU1;RTAAU1;RTAAU1;RTAAU1;RTAAU1;RTAAU1;RTAAU1;RTAAU1;RTAAU1;RTAAU1;RTAAU1;RTAAU1;RTAAU1;RTAAU1;RTAAU1;RTAAU1;RTAAU1;RTAAU1;RTAAU1;RTAAU1;RTAAU1;RTAAU1;RTAAU1;RTAAU1;RTAAU1;RTAAU1;RTAAU1;RTAAU1;RTAAU1;RTAAU1;RTAAU1;RTAAU1
Originalkennung;JBB071;JBB071;JBB071;JBB071;JBB071;JBB071;JBB071;JBB071;JBB071;JBB071;JBB071;JBB071;JBB071;JBB071;JBB071;JBB071;JBB071;JBB071;JBB071;JBB071;JBB071;JBB071;JBB071;JBB071;JBB071;JBB071;JBB071;JBB071;JBB071;JBB071;JBB071;JBB071;JBB071;JBB071;JBB071;JBB071;JBB071;BBNZ1:Q:DE:Y:H:0071:A;BBNZ1:Q:DE:Y:H:0071:A;BBNZ1:Q:DE:Y:H:0071:A;BBNZ1:Q:DE:Y:H:0071:A;BBNZ1:Q:DE:Y:H:0071:A;BBNZ1:Q:DE:Y:H:0071:A;BBNZ1:Q:DE:Y:H:0071:A;BBNZ1:Q:DE:Y:H:0071:A;BBNZ1:Q:DE:Y:H:0071:A;BBNZ1:Q:DE:Y:H:0071:A;BBNZ1:Q:DE:Y:H:0071:A;BBNZ1:Q:DE:Y:H:0071:A;BBNZ1:Q:DE:Y:H:0071:A;BBNZ1:Q:DE:Y:H:0071:A;BBNZ1:Q:DE:Y:H:0071:A;BBNZ1:Q:DE:Y:H:0071:A;;BBNZ1:Q:DE:Y:H:0071:A;BBNZ1:Q:DE:Y:H:0071:A;BBNZ1:Q:DE:Y:H:0071:A;BBNZ1:Q:DE:Y:H:0071:A;BBNZ1:Q:DE:Y:H:0071:A;BBNZ1:Q:DE:Y:H:0071:A;BBNZ1:Q:DE:Y:H:0071:A;BBNZ1:Q:DE:Y:H:0071:A;BBNZ1:Q:DE:Y:H:0071:A;BBNZ1:Q:DE:Y:H:0071:A;BBNZ1:Q:DE:Y:H:0071:A;BBNZ1:Q:DE:Y:H:0071:A;BBNZ1:Q:DE:Y:H:0071:A;BBNZ1:Q:DE:Y:H:0071:A;BBNZ1:Q:DE:Y:H:0071:A;BBNZ1:Q:DE:Y:H:0071:A;BBNZ1:Q:DE:Y:H:0071:A;BBNZ1:Q:DE:Y:H:0071:A;BBNZ1:Q:DE:Y:H:0071:A;BBNZ1:Q:DE:Y:H:0071:A;BBNZ1:Q:DE:Y:H:0071:A;BBNZ1:Q:DE:Y:H:0071:A;BBNZ1:Q:DE:Y:H:0071:A;BBNZ1:Q:DE:Y:H:0071:A;BBNZ1:Q:DE:Y:H:0071:A;BBNZ1:Q:DE:Y:H:0071:A;BBNZ1:Q:DE:Y:H:0071:A;BBNZ1:Q:DE:Y:H:0071:A;BBNZ1:Q:DE:Y:H:0071:A;BBNZ1:Q:DE:Y:H:0071:A
1991-Q1;85,74;85,74;85,74;85,74;85,74;85,63;85,63;85,63;85,63;85,65;85,65;85,65;85,64;85,69;85,69;85,70;85,70;85,74;85,74;85,74;85,74;85,67;85,67;85,67;85,64;83,46;83,32;83,32;83,33;83,32;83,32;83,32;83,32;83,33;83,33;83,47;83,47;78,17;78,17;78,17;78,17;78,10;78,10;78,10;78,10;78,12;78,11;78,11;78,11;78,12;78,12;78,12;78,12;78,13;78,13;78,13;78,13;72,36;72,36;72,36;72,36;72,57;72,57;72,57;72,57;72,52;72,52;72,51;72,52;72,52;72,52;72,52;72,52;72,48;72,48;72,48;72,48;72,48;70,40;70,40;70,40;70,41;70,45;70,46
1991-Q2;84,81;84,80;84,80;84,80;84,80;84,79;84,79;84,79;84,79;84,79;84,79;84,79;84,79;84,80;84,80;84,81;84,81;84,67;84,67;84,67;84,67;84,62;84,62;84,62;84,69;82,49;82,35;82,35;82,37;82,36;82,36;82,36;82,36;82,35;82,35;82,27;82,27;77,22;77,22;77,22;77,22;77,19;77,19;77,18;77,18;77,19;77,19;77,19;77,20;77,19;77,19;77,19;77,19;77,18;77,18;77,18;77,19;71,44;71,44;71,44;71,44;71,65;71,65;71,65;71,65;71,76;71,76;71,76;71,77;71,77;71,77;71,77;71,76;71,75;71,75;71,75;71,75;71,75;69,72;69,72;69,72;69,73;69,75;69,75
1991-Q3;84,46;84,45;84,45;84,45;84,45;84,37;84,37;84,37;84,37;84,35;84,35;84,35;84,36;84,36;84,36;84,37;84,37;84,40;84,40;84,40;84,40;84,45;84,45;84,45;84,43;82,20;82,07;82,07;82,05;82,05;82,04;82,04;82,04;82,04;82,04;82,05;82,05;77,17;77,17;77,17;77,17;77,14;77,14;77,15;77,15;77,13;77,14;77,14;77,14;77,15;77,15;77,15;77,15;77,14;77,14;77,14;77,14;71,74;71,74;71,74;71,74;71,96;71,96;71,96;71,96;71,93;71,93;71,94;71,95;71,94;71,94;71,94;71,89;71,95;71,95;71,95;71,95;71,95;69,63;69,63;69,63;69,63;69,66;69,66
1991-Q4;85,50;85,52;85,52;85,52;85,52;85,44;85,44;85,44;85,44;85,46;85,46;85,46;85,46;85,47;85,47;85,45;85,45;85,45;85,45;85,45;85,45;85,52;85,52;85,52;85,50;83,48;83,34;83,34;83,33;83,37;83,37;83,37;83,37;83,37;83,37;83,30;83,30;78,23;78,23;78,23;78,23;78,21;78,22;78,22;78,22;78,22;78,22;78,22;78,21;78,23;78,23;78,23;78,23;78,21;78,21;78,21;78,21;72,54;72,54;72,54;72,54;72,77;72,77;72,77;72,77;72,74;72,74;72,75;72,72;72,76;72,76;72,76;72,81;72,81;72,81;72,81;72,81;72,81;70,63;70,63;70,63;70,63;70,61;70,61
1992-Q1;87,17;87,18;87,18;87,18;87,18;87,20;87,20;87,20;87,20;87,21;87,21;87,21;87,21;87,23;87,23;87,24;87,24;87,33;87,33;87,33;87,33;87,26;87,26;87,26;87,24;84,97;84,83;84,83;84,84;84,82;84,82;84,82;84,82;84,83;84,83;84,97;84,97;79,57;79,57;79,57;79,57;79,48;79,47;79,47;79,47;79,48;79,48;79,48;79,48;79,47;79,47;79,47;79,47;79,49;79,49;79,49;79,50;73,71;73,71;73,71;73,71;73,92;73,92;73,92;73,92;73,88;73,88;73,87;73,88;73,88;73,88;73,88;73,87;73,84;73,84;73,84;73,84;73,84;71,72;71,72;71,72;71,72;71,76;71,77
1992-Q2;86,66;86,65;86,65;86,65;86,65;86,63;86,63;86,63;86,63;86,63;86,63;86,63;86,64;86,62;86,62;86,63;86,63;86,50;86,50;86,50;86,50;86,46;86,46;86,46;86,52;84,08;83,94;83,94;83,96;83,95;83,95;83,95;83,95;83,94;83,94;83,87;83,87;78,75;78,75;78,76;78,76;78,74;78,74;78,73;78,73;78,74;78,74;78,74;78,75;78,75;78,75;78,75;78,75;78,74;78,74;78,74;78,75;72,96;72,96;72,96;72,96;73,18;73,18;73,18;73,18;73,28;73,28;73,28;73,29;73,28;73,28;73,28;73,28;73,28;73,28;73,28;73,28;73,28;71,23;71,23;71,23;71,24;71,27;71,27
1992-Q3;86,50;86,49;86,49;86,49;86,49;86,43;86,43;86,43;86,43;86,40;86,40;86,40;86,41;86,43;86,43;86,44;86,44;86,46;86,46;86,46;86,46;86,50;86,50;86,50;86,48;83,77;83,63;83,63;83,61;83,61;83,61;83,61;83,61;83,60;83,60;83,61;83,61;78,63;78,63;78,63;78,63;78,60;78,60;78,61;78,61;78,60;78,60;78,60;78,60;78,61;78,61;78,61;78,61;78,60;78,60;78,60;78,60;73,03;73,03;73,03;73,03;73,25;73,25;73,25;73,25;73,24;73,24;73,24;73,25;73,25;73,25;73,25;73,21;73,25;73,25;73,25;73,25;73,25;71,11;71,11;71,10;71,09;71,12;71,13
1992-Q4;86,17;86,19;86,19;86,19;86,19;86,14;86,14;86,14;86,14;86,09;86,09;86,09;86,09;86,10;86,10;86,08;86,08;86,13;86,13;86,13;86,13;86,19;86,19;86,19;86,18;83,63;83,49;83,49;83,48;83,52;83,52;83,52;83,52;83,52;83,52;83,45;83,45;78,41;78,41;78,41;78,41;78,39;78,40;78,40;78,40;78,40;78,40;78,40;78,39;78,41;78,41;78,41;78,41;78,39;78,39;78,39;78,38;72,59;72,59;72,59;72,59;72,80;72,80;72,80;72,80;72,78;72,78;72,78;72,75;72,80;72,80;72,80;72,85;72,85;72,85;72,85;72,85;72,85;70,74;70,74;70,74;70,74;70,72;70,72
1993-Q1;85,43;85,44;85,44;85,44;85,44;85,43;85,43;85,43;85,43;85,45;85,45;85,45;85,45;85,49;85,49;85,49;85,49;85,49;85,49;85,49;85,50;85,44;85,44;85,44;85,42;83,16;83,02;83,02;83,03;83,03;83,03;83,03;83,03;83,04;83,04;83,17;83,17;77,98;77,98;77,98;77,98;77,89;77,88;77,88;77,88;77,89;77,88;77,88;77,89;77,89;77,89;77,89;77,89;77,92;77,92;77,92;77,92;72,31;72,31;72,31;72,31;72,52;72,52;72,52;72,52;72,49;72,49;72,49;72,49;72,49;72,49;72,49;72,49;72,45;72,45;72,45;72,45;72,45;70,27;70,27;70,27;70,28;70,31;70,31
1993-Q2;85,56;85,54;85,54;85,54;85,55;85,54;85,54;85,54;85,54;85,53;85,53;85,53;85,54;85,58;85,58;85,58;85,58;85,48;85,48;85,48;85,48;85,45;85,45;85,45;85,50;82,99;82,85;82,85;82,86;82,86;82,86;82,86;82,86;82,84;82,84;82,79;82,79;77,76;77,76;77,76;77,76;77,74;77,74;77,74;77,74;77,74;77,74;77,74;77,75;77,74;77,74;77,74;77,74;77,73;77,73;77,73;77,74;72,11;72,11;72,11;72,11;72,32;72,32;72,32;72,32;72,40;72,40;72,40;72,41;72,40;72,40;72,40;72,39;72,40;72,40;72,40;72,40;72,40;70,21;70,21;70,21;70,21;70,24;70,24
1993-Q3;85,86;85,83;85,83;85,83;85,83;85,80;85,80;85,80;85,80;85,77;85,77;85,77;85,78;85,79;85,79;85,80;85,80;85,80;85,80;85,80;85,80;85,83;85,83;85,83;85,82;83,29;83,16;83,16;83,14;83,14;83,14;83,14;83,14;83,13;83,13;83,14;83,14;78,12;78,12;78,12;78,12;78,10;78,09;78,10;78,10;78,09;78,09;78,09;78,09;78,10;78,10;78,10;78,10;78,08;78,08;78,08;78,08;72,43;72,43;72,43;72,43;72,65;72,65;72,65;72,65;72,64;72,64;72,64;72,65;72,65;72,65;72,65;72,62;72,65;72,65;72,65;72,65;72,65;70,45;70,45;70,45;70,44;70,47;70,47
1993-Q4;86,13;86,16;86,16;86,16;86,16;86,16;86,16;86,16;86,16;86,11;86,11;86,11;86,11;86,08;86,08;86,06;86,06;86,13;86,13;86,13;86,13;86,18;86,18;86,18;86,18;83,25;83,11;83,11;83,10;83,14;83,14;83,14;83,14;83,13;83,13;83,05;83,05;78,19;78,19;78,19;78,19;78,17;78,17;78,17;78,17;78,18;78,18;78,18;78,17;78,19;78,19;78,19;78,19;78,17;78,17;78,17;78,16;72,33;72,33;72,33;72,33;72,54;72,54;72,54;72,54;72,52;72,52;72,52;72,50;72,54;72,54;72,54;72,58;72,59;72,59;72,59;72,59;72,59;70,43;70,43;70,43;70,43;70,41;70,41
1994-Q1;86,58;86,60;86,60;86,60;86,60;86,65;86,65;86,65;86,65;86,65;86,65;86,65;86,65;86,66;86,66;86,67;86,67;86,66;86,66;86,66;86,66;86,60;86,60;86,60;86,59;83,93;83,79;83,79;83,81;83,81;83,81;83,81;83,81;83,81;83,81;83,94;83,94;78,77;78,77;78,77;78,77;78,67;78,67;78,67;78,67;78,66;78,66;78,66;78,66;78,66;78,66;78,66;78,66;78,70;78,70;78,70;78,70;72,99;72,99;72,99;72,99;73,20;73,20;73,20;73,20;73,18;73,18;73,17;73,18;73,18;73,18;73,18;73,18;73,16;73,16;73,16;73,16;73,16;70,99;70,99;70,99;71,00;71,03;71,04
1994-Q2;87,43;87,43;87,43;87,43;87,43;87,40;87,40;87,40;87,40;87,40;87,40;87,40;87,40;87,41;87,41;87,42;87,42;87,33;87,33;87,33;87,33;87,30;87,30;87,30;87,33;84,52;84,38;84,38;84,39;84,39;84,39;84,39;84,39;84,38;84,38;84,34;84,34;79,19;79,19;79,19;79,19;79,17;79,17;79,17;79,16;79,18;79,17;79,17;79,19;79,18;79,18;79,18;79,18;79,16;79,16;79,16;79,17;73,39;73,39;73,39;73,39;73,60;73,60;73,60;73,60;73,67;73,67;73,67;73,68;73,67;73,67;73,67;73,66;73,66;73,66;73,66;73,66;73,67;71,69;71,69;71,69;71,70;71,73;71,73
1994-Q3;88,10;88,06;88,06;88,06;88,06;88,03;88,03;88,03;88,03;88,01;88,01;88,01;88,02;88,03;88,03;88,04;88,04;88,03;88,03;88,03;88,03;88,06;88,06;88,06;88,05;85,22;85,07;85,07;85,06;85,06;85,06;85,06;85,06;85,05;85,05;85,06;85,06;79,88;79,88;79,88;79,88;79,86;79,85;79,86;79,86;79,85;79,86;79,86;79,85;79,86;79,86;79,86;79,86;79,84;79,84;79,84;79,84;74,05;74,05;74,05;74,05;74,27;74,27;74,27;74,27;74,26;74,26;74,27;74,27;74,27;74,27;74,27;74,24;74,28;74,28;74,28;74,28;74,28;72,14;72,14;72,13;72,13;72,15;72,15
1994-Q4;89,25;89,29;89,29;89,29;89,29;89,28;89,28;89,28;89,28;89,23;89,23;89,23;89,22;89,15;89,15;89,13;89,13;89,20;89,20;89,20;89,20;89,24;89,24;89,24;89,24;86,46;86,32;86,32;86,31;86,35;86,35;86,35;86,35;86,36;86,36;86,27;86,27;81,20;81,20;81,20;81,20;81,17;81,18;81,17;81,17;81,20;81,20;81,20;81,20;81,22;81,22;81,22;81,22;81,20;81,20;81,20;81,19;75,02;75,02;75,02;75,02;75,24;75,24;75,24;75,24;75,22;75,22;75,22;75,20;75,25;75,25;75,25;75,28;75,29;75,29;75,29;75,29;75,29;73,05;73,05;73,05;73,05;73,04;73,04
1995-Q1;88,93;88,94;88,94;88,94;88,94;89,02;89,02;89,02;89,02;89,03;89,03;89,03;89,02;89,02;89,02;89,02;89,02;89,00;89,00;89,00;89,00;88,95;88,95;88,95;88,94;86,00;85,86;85,86;85,88;85,87;85,87;85,87;85,87;85,87;85,87;85,99;85,99;80,68;80,68;80,68;80,68;80,62;80,62;80,62;80,62;80,63;80,63;80,63;80,64;80,63;80,63;80,63;80,63;80,66;80,66;80,66;80,65;74,69;74,69;74,69;74,69;74,90;74,90;74,90;74,90;74,88;74,88;74,88;74,89;74,89;74,89;74,89;74,89;74,88;74,88;74,88;74,88;74,88;72,68;72,68;72,68;72,68;72,71;72,71
1995-Q2;90,00;90,00;90,00;90,00;90,00;89,96;89,96;89,96;89,96;89,96;89,96;89,96;89,96;89,95;89,95;89,96;89,96;89,89;89,89;89,89;89,89;89,87;89,87;89,87;89,90;86,85;86,70;86,70;86,69;86,70;86,70;86,70;86,70;86,70;86,70;86,66;86,66;81,35;81,35;81,35;81,35;81,33;81,33;81,33;81,33;81,31;81,31;81,31;81,32;81,32;81,32;81,32;81,32;81,32;81,31;81,31;81,32;75,20;75,20;75,20;75,20;75,43;75,43;75,43;75,43;75,49;75,49;75,50;75,50;75,50;75,50;75,50;75,49;75,49;75,49;75,49;75,49;75,49;73,35;73,35;73,35;73,36;73,38;73,38
1995-Q3;90,10;90,05;90,05;90,05;90,05;90,03;90,03;90,03;90,03;90,02;90,02;90,02;90,03;90,00;90,00;90,00;90,00;89,99;89,99;89,99;89,99;90,01;90,01;90,01;90,00;87,06;86,92;86,92;86,91;86,91;86,91;86,91;86,91;86,91;86,91;86,91;86,91;81,62;81,62;81,62;81,62;81,65;81,64;81,65;81,65;81,65;81,66;81,66;81,64;81,66;81,66;81,66;81,66;81,64;81,64;81,64;81,64;75,45;75,45;75,45;75,45;75,68;75,68;75,68;75,68;75,68;75,68;75,68;75,68;75,69;75,69;75,69;75,67;75,69;75,69;75,69;75,69;75,69;73,55;73,55;73,55;73,54;73,57;73,57
1995-Q4;90,36;90,40;90,40;90,40;90,40;90,39;90,39;90,39;90,39;90,40;90,40;90,40;90,40;90,39;90,39;90,38;90,38;90,42;90,42;90,42;90,42;90,46;90,46;90,46;90,46;87,27;87,13;87,13;87,13;87,17;87,17;87,17;87,17;87,16;87,16;87,07;87,07;81,94;81,94;81,94;81,94;81,98;81,98;81,98;81,98;81,98;81,98;81,98;81,97;81,99;81,99;81,99;81,99;81,96;81,96;81,96;81,95;75,66;75,66;75,66;75,66;75,87;75,87;75,87;75,87;75,85;75,85;75,85;75,84;75,86;75,86;75,86;75,88;75,89;75,89;75,89;75,89;75,89;73,73;73,73;73,73;73,72;73,73;73,73
1996-Q1;89,39;89,40;89,40;89,40;89,40;89,37;89,37;89,37;89,37;89,36;89,36;89,36;89,36;89,40;89,40;89,40;89,40;89,43;89,43;89,43;89,43;89,39;89,39;89,39;89,38;86,14;86,00;86,00;86,02;86,00;86,00;86,00;86,00;85,99;85,99;86,08;86,08;80,74;80,74;80,74;80,74;80,71;80,71;80,71;80,71;80,70;80,69;80,69;80,70;80,71;80,71;80,71;80,71;80,73;80,73;80,73;80,73;74,77;74,77;74,77;74,77;74,99;74,99;74,99;74,99;74,97;74,97;74,97;74,97;74,97;74,97;74,97;74,98;74,98;74,98;74,98;74,98;74,98;72,62;72,62;72,62;72,63;72,66;72,65
1996-Q2;91,19;91,18;91,18;91,18;91,18;91,15;91,15;91,15;91,15;91,16;91,16;91,16;91,16;91,14;91,14;91,15;91,15;91,10;91,10;91,10;91,10;91,08;91,08;91,08;91,09;87,80;87,65;87,65;87,64;87,64;87,64;87,64;87,64;87,63;87,63;87,61;87,61;82,19;82,19;82,20;82,20;82,22;82,22;82,22;82,22;82,22;82,22;82,22;82,23;82,22;82,22;82,22;82,22;82,22;82,22;82,22;82,23;76,07;76,07;76,07;76,07;76,29;76,29;76,29;76,29;76,36;76,36;76,36;76,36;76,35;76,35;76,35;76,35;76,35;76,35;76,35;76,35;76,35;74,02;74,02;74,02;74,02;74,05;74,05
1996-Q3;91,38;91,33;91,33;91,33;91,34;91,33;91,33;91,33;91,33;91,33;91,33;91,33;91,33;91,33;91,33;91,32;91,32;91,31;91,31;91,31;91,31;91,34;91,34;91,34;91,33;88,11;87,96;87,96;87,95;87,96;87,96;87,96;87,96;87,95;87,95;87,95;87,95;82,50;82,50;82,50;82,50;82,55;82,55;82,55;82,55;82,56;82,56;82,56;82,55;82,56;82,56;82,56;82,56;82,53;82,53;82,53;82,53;76,18;76,18;76,18;76,18;76,42;76,42;76,42;76,42;76,42;76,42;76,42;76,42;76,43;76,43;76,43;76,41;76,42;76,42;76,42;76,42;76,42;74,07;74,07;74,06;74,06;74,08;74,08
1996-Q4;92,34;92,38;92,38;92,38;92,38;92,31;92,31;92,31;92,31;92,31;92,31;92,31;92,31;92,35;92,35;92,35;92,35;92,38;92,38;92,38;92,38;92,41;92,41;92,41;92,41;88,83;88,68;88,68;88,69;88,72;88,72;88,71;88,72;88,72;88,72;88,64;88,64;83,38;83,38;83,38;83,38;83,45;83,46;83,46;83,46;83,47;83,48;83,48;83,47;83,48;83,48;83,48;83,48;83,45;83,45;83,45;83,45;77,07;77,07;77,07;77,07;77,30;77,30;77,30;77,30;77,28;77,28;77,28;77,27;77,29;77,29;77,29;77,31;77,31;77,31;77,30;77,30;77,30;75,07;75,07;75,07;75,07;75,08;75,08
1997-Q1;91,74;91,75;91,75;91,75;91,75;91,56;91,56;91,56;91,56;91,53;91,53;91,53;91,53;91,59;91,59;91,59;91,59;91,57;91,57;91,57;91,57;91,54;91,54;91,54;91,53;88,13;87,99;87,99;87,99;87,98;87,98;87,98;87,98;87,99;87,99;88,05;88,05;82,67;82,67;82,66;82,67;82,64;82,63;82,63;82,63;82,63;82,63;82,63;82,63;82,65;82,65;82,65;82,65;82,69;82,69;82,69;82,69;76,51;76,51;76,51;76,51;76,74;76,74;76,74;76,74;76,73;76,73;76,73;76,74;76,74;76,74;76,74;76,75;76,76;76,76;76,76;76,76;76,76;74,43;74,43;74,43;74,44;74,46;74,46
1997-Q2;92,61;92,61;92,61;92,61;92,61;92,61;92,61;92,61;92,61;92,60;92,60;92,60;92,60;92,63;92,63;92,64;92,64;92,60;92,60;92,60;92,60;92,60;92,60;92,60;92,60;89,39;89,24;89,24;89,23;89,23;89,23;89,23;89,23;89,22;89,22;89,20;89,20;83,82;83,82;83,82;83,82;83,85;83,85;83,85;83,85;83,85;83,85;83,85;83,86;83,85;83,85;83,85;83,85;83,84;83,84;83,84;83,85;77,48;77,48;77,48;77,48;77,71;77,71;77,71;77,71;77,76;77,76;77,76;77,76;77,76;77,76;77,76;77,75;77,75;77,75;77,75;77,75;77,75;75,39;75,39;75,39;75,39;75,40;75,40
1997-Q3;93,03;93,00;93,00;93,00;93,01;93,00;93,00;93,00;93,00;93,01;93,01;93,01;93,01;93,00;93,00;93,00;93,00;92,98;92,98;92,98;92,98;93,00;93,00;93,00;92,99;89,77;89,62;89,62;89,61;89,63;89,63;89,63;89,62;89,61;89,61;89,63;89,63;84,20;84,20;84,21;84,20;84,30;84,30;84,30;84,30;84,31;84,31;84,31;84,30;84,30;84,30;84,30;84,30;84,28;84,28;84,28;84,28;77,79;77,79;77,79;77,79;78,04;78,04;78,04;78,04;78,05;78,05;78,05;78,04;78,05;78,05;78,05;78,05;78,04;78,04;78,04;78,04;78,04;75,72;75,72;75,71;75,71;75,73;75,73
1997-Q4;94,22;94,26;94,26;94,26;94,26;94,14;94,14;94,14;94,14;94,13;94,13;94,13;94,13;94,14;94,14;94,13;94,13;94,17;94,17;94,17;94,17;94,20;94,20;94,20;94,20;90,84;90,69;90,69;90,70;90,73;90,73;90,73;90,72;90,72;90,72;90,65;90,65;85,22;85,22;85,22;85,22;85,29;85,30;85,30;85,30;85,33;85,33;85,33;85,33;85,34;85,34;85,34;85,34;85,32;85,32;85,32;85,32;78,75;78,75;78,75;78,75;78,98;78,98;78,98;78,98;78,95;78,95;78,95;78,96;78,98;78,98;78,98;78,99;78,99;78,99;78,99;78,99;78,99;76,62;76,62;76,62;76,62;76,65;76,65
1998-Q1;94,74;94,73;94,73;94,73;94,73;94,70;94,70;94,70;94,70;94,69;94,69;94,69;94,68;94,75;94,75;94,74;94,74;94,73;94,73;94,73;94,73;94,71;94,71;94,71;94,70;91,17;91,02;91,02;91,02;91,00;91,00;91,00;91,01;91,00;91,00;91,04;91,04;85,47;85,47;85,47;85,47;85,50;85,50;85,50;85,50;85,50;85,49;85,49;85,49;85,50;85,50;85,50;85,50;85,53;85,53;85,53;85,53;79,16;79,16;79,16;79,16;79,39;79,39;79,39;79,39;79,39;79,39;79,39;79,38;79,38;79,38;79,38;79,38;79,40;79,40;79,40;79,40;79,40;77,07;77,07;77,06;77,08;77,09;77,09
1998-Q2;94,28;94,28;94,28;94,28;94,28;94,25;94,25;94,25;94,25;94,25;94,25;94,25;94,25;94,22;94,22;94,23;94,23;94,20;94,20;94,20;94,20;94,19;94,19;94,19;94,19;90,77;90,62;90,62;90,61;90,61;90,61;90,61;90,61;90,62;90,62;90,62;90,62;85,27;85,27;85,27;85,27;85,35;85,35;85,35;85,35;85,34;85,34;85,34;85,35;85,35;85,35;85,35;85,35;85,35;85,35;85,35;85,35;78,87;78,87;78,87;78,87;79,10;79,10;79,10;79,10;79,14;79,14;79,14;79,13;79,13;79,13;79,13;79,12;79,13;79,13;79,13;79,13;79,13;76,72;76,72;76,72;76,71;76,73;76,74
1998-Q3;94,65;94,63;94,63;94,63;94,63;94,63;94,63;94,63;94,63;94,64;94,64;94,64;94,64;94,63;94,63;94,63;94,63;94,61;94,61;94,61;94,61;94,61;94,61;94,61;94,61;91,20;91,05;91,05;91,04;91,06;91,06;91,06;91,06;91,05;91,05;91,06;91,06;85,65;85,65;85,65;85,65;85,73;85,73;85,73;85,73;85,74;85,74;85,74;85,73;85,74;85,74;85,74;85,74;85,72;85,72;85,72;85,72;79,33;79,33;79,33;79,33;79,58;79,58;79,58;79,58;79,58;79,58;79,59;79,58;79,60;79,60;79,60;79,59;79,59;79,59;79,59;79,59;79,59;77,12;77,12;77,12;77,11;77,13;77,14
1998-Q4;94,62;94,64;94,64;94,64;94,64;94,60;94,60;94,60;94,60;94,56;94,56;94,56;94,55;94,56;94,56;94,56;94,56;94,59;94,59;94,59;94,59;94,61;94,61;94,61;94,62;91,40;91,25;91,25;91,27;91,29;91,29;91,29;91,29;91,29;91,29;91,23;91,23;85,81;85,81;85,81;85,81;85,88;85,89;85,89;85,89;85,90;85,90;85,90;85,90;85,91;85,91;85,91;85,91;85,88;85,88;85,88;85,88;79,18;79,18;79,18;79,18;79,41;79,41;79,41;79,41;79,39;79,39;79,39;79,40;79,43;79,43;79,43;79,43;79,43;79,43;79,43;79,43;79,43;77,30;77,30;77,30;77,30;77,34;77,34
1999-Q1;95,17;95,15;95,15;95,15;95,15;95,15;95,15;95,15;95,15;95,15;95,15;95,15;95,15;95,20;95,20;95,20;95,20;95,17;95,17;95,17;95,17;95,16;95,16;95,16;95,16;91,52;91,37;91,37;91,36;91,34;91,34;91,34;91,34;91,33;91,33;91,36;91,36;85,94;85,94;85,94;85,94;85,99;85,99;85,99;85,99;85,97;85,97;85,97;85,96;85,96;85,96;85,96;85,96;85,99;85,99;85,99;85,99;79,64;79,64;79,64;79,64;79,86;79,86;79,86;79,86;79,86;79,86;79,86;79,86;79,86;79,86;79,86;79,86;79,87;79,87;79,87;79,87;79,87;77,85;77,85;77,85;77,86;77,89;77,88
1999-Q2;95,34;95,36;95,36;95,36;95,36;95,32;95,32;95,32;95,32;95,32;95,32;95,32;95,33;95,37;95,37;95,37;95,37;95,36;95,36;95,36;95,37;95,36;95,36;95,36;95,35;91,83;91,68;91,68;91,67;91,67;91,67;91,68;91,67;91,67;91,67;91,67;91,67;86,34;86,34;86,34;86,34;86,42;86,42;86,42;86,42;86,43;86,43;86,43;86,44;86,43;86,43;86,43;86,43;86,42;86,42;86,42;86,42;79,82;79,82;79,82;79,82;80,06;80,06;80,06;80,06;80,08;80,08;80,08;80,07;80,07;80,07;80,07;80,07;80,07;80,07;80,07;80,07;80,07;77,84;77,84;77,84;77,84;77,85;77,86
1999-Q3;96,62;96,62;96,62;96,62;96,62;96,63;96,63;96,63;96,63;96,62;96,62;96,62;96,62;96,62;96,62;96,61;96,61;96,58;96,58;96,58;96,58;96,58;96,58;96,58;96,58;92,86;92,70;92,70;92,70;92,72;92,72;92,72;92,72;92,72;92,72;92,73;92,73;87,29;87,29;87,29;87,29;87,37;87,37;87,37;87,37;87,37;87,37;87,37;87,36;87,37;87,37;87,37;87,37;87,35;87,35;87,35;87,35;80,66;80,66;80,66;80,66;80,91;80,91;80,91;80,91;80,92;80,92;80,92;80,91;80,93;80,93;80,93;80,93;80,93;80,93;80,93;80,93;80,93;78,83;78,82;78,82;78,82;78,84;78,84
1999-Q4;97,67;97,68;97,68;97,68;97,68;97,69;97,69;97,69;97,69;97,63;97,63;97,63;97,63;97,60;97,60;97,60;97,60;97,63;97,63;97,63;97,62;97,63;97,63;97,63;97,64;93,87;93,71;93,71;93,74;93,74;93,74;93,74;93,74;93,74;93,74;93,69;93,69;88,32;88,32;88,32;88,32;88,37;88,37;88,37;88,37;88,40;88,40;88,40;88,40;88,42;88,42;88,42;88,42;88,39;88,39;88,39;88,39;81,31;81,31;81,31;81,31;81,54;81,54;81,54;81,54;81,53;81,53;81,53;81,55;81,56;81,56;81,56;81,56;81,57;81,57;81,57;81,57;81,57;79,15;79,15;79,15;79,15;79,18;79,18
2000-Q1;98,97;98,95;98,95;98,95;98,95;99,03;99,03;99,03;99,03;99,05;99,05;99,05;99,05;99,09;99,09;99,09;99,09;99,13;99,13;99,13;99,14;99,13;99,13;99,13;99,13;95,19;95,04;95,04;95,02;94,99;94,99;94,99;94,99;94,97;94,97;94,99;94,99;89,37;89,37;89,37;89,37;89,39;89,39;89,39;89,39;89,38;89,38;89,38;89,38;89,37;89,37;89,37;89,37;89,38;89,39;89,39;89,38;82,70;82,70;82,70;82,70;82,93;82,93;82,93;82,93;82,93;82,93;82,93;82,93;82,93;82,93;82,93;82,93;82,93;82,93;82,93;82,93;82,93;80,48;80,48;80,47;80,48;80,52;80,51
2000-Q2;100,02;100,05;100,05;100,05;100,06;99,99;99,99;99,99;99,99;100,01;100,01;100,01;100,01;99,99;99,99;99,99;99,99;99,99;99,99;99,99;99,99;99,98;99,98;99,98;99,98;96,03;95,87;95,87;95,87;95,87;95,87;95,87;95,87;95,88;95,88;95,87;95,87;90,11;90,11;90,11;90,11;90,17;90,17;90,17;90,17;90,15;90,15;90,15;90,16;90,16;90,16;90,16;90,16;90,16;90,16;90,16;90,16;83,22;83,22;83,22;83,22;83,47;83,47;83,47;83,47;83,48;83,48;83,48;83,47;83,48;83,48;83,48;83,48;83,49;83,49;83,49;83,49;83,49;81,10;81,10;81,10;81,10;81,11;81,11
2000-Q3;100,43;100,43;100,43;100,43;100,43;100,45;100,45;100,45;100,45;100,41;100,41;100,41;100,41;100,37;100,37;100,37;100,37;100,32;100,32;100,32;100,32;100,34;100,34;100,34;100,33;96,30;96,14;96,14;96,14;96,16;96,16;96,16;96,16;96,16;96,16;96,18;96,18;90,38;90,38;90,39;90,38;90,44;90,44;90,44;90,44;90,45;90,45;90,45;90,45;90,47;90,47;90,47;90,47;90,45;90,45;90,45;90,45;83,46;83,46;83,46;83,46;83,72;83,72;83,72;83,72;83,73;83,73;83,73;83,73;83,74;83,74;83,74;83,74;83,74;83,74;83,74;83,74;83,74;81,44;81,44;81,44;81,44;81,46;81,46
2000-Q4;100,58;100,56;100,56;100,56;100,56;100,53;100,53;100,53;100,53;100,53;100,53;100,53;100,53;100,55;100,55;100,55;100,55;100,55;100,55;100,55;100,55;100,56;100,56;100,56;100,56;96,32;96,15;96,15;96,18;96,19;96,20;96,19;96,19;96,20;96,20;96,17;96,17;90,56;90,56;90,55;90,55;90,60;90,60;90,60;90,60;90,60;90,60;90,60;90,60;90,62;90,62;90,62;90,62;90,60;90,60;90,60;90,60;83,33;83,33;83,33;83,33;83,57;83,57;83,57;83,57;83,58;83,58;83,58;83,59;83,59;83,59;83,59;83,59;83,60;83,60;83,60;83,60;83,60;81,18;81,18;81,18;81,17;81,21;81,21
2001-Q1;101,57;101,59;101,59;101,59;101,59;101,63;101,63;101,63;101,63;101,64;101,64;101,64;101,64;101,67;101,67;101,67;101,67;101,67;101,67;101,67;101,67;101,66;101,66;101,66;101,66;97,89;97,73;97,73;97,72;97,70;97,70;97,70;97,71;97,69;97,69;97,68;97,68;92,07;92,07;92,07;92,07;92,11;92,11;92,11;92,11;92,11;92,11;92,11;92,11;92,11;92,11;92,11;92,11;92,11;92,11;92,11;92,11;85,11;85,11;85,11;85,11;85,35;85,35;85,35;85,35;85,37;85,37;85,37;85,36;85,37;85,37;85,37;85,37;85,37;85,37;85,36;85,36;85,36;82,93;82,93;82,93;82,94;82,97;82,97
2001-Q2;101,37;101,42;101,42;101,42;101,43;101,33;101,33;101,33;101,33;101,36;101,36;101,36;101,36;101,32;101,32;101,32;101,32;101,34;101,34;101,34;101,34;101,33;101,33;101,33;101,33;97,76;97,60;97,60;97,60;97,60;97,60;97,60;97,60;97,60;97,60;97,58;97,58;91,91;91,91;91,91;91,91;91,96;91,96;91,96;91,96;91,95;91,95;91,95;91,95;91,95;91,95;91,95;91,95;91,95;91,95;91,95;91,95;84,86;84,86;84,85;84,85;85,11;85,11;85,11;85,11;85,11;85,11;85,11;85,10;85,11;85,11;85,11;85,11;85,12;85,12;85,12;85,12;85,12;82,57;82,57;82,57;82,56;82,58;82,58
2001-Q3;101,60;101,60;101,60;101,60;101,60;101,60;101,60;101,60;101,60;101,54;101,54;101,54;101,54;101,50;101,50;101,50;101,50;101,47;101,47;101,47;101,46;101,47;101,47;101,47;101,47;97,65;97,49;97,49;97,49;97,52;97,52;97,52;97,52;97,52;97,52;97,54;97,54;91,97;91,97;91,98;91,98;92,02;92,01;92,01;92,01;92,02;92,02;92,02;92,02;92,04;92,04;92,04;92,04;92,03;92,03;92,03;92,03;84,86;84,86;84,86;84,86;85,13;85,13;85,13;85,13;85,13;85,13;85,13;85,12;85,14;85,14;85,14;85,14;85,14;85,14;85,14;85,14;85,14;82,79;82,78;82,78;82,78;82,81;82,81
2001-Q4;101,84;102,00;102,00;102,00;101,99;101,95;101,95;101,95;101,95;102,01;102,01;102,01;102,01;102,10;102,10;102,11;102,11;102,05;102,05;102,05;102,05;102,06;102,06;102,06;102,07;98,09;97,93;97,93;97,94;97,95;97,95;97,96;97,95;97,96;97,96;97,94;97,94;92,28;92,28;92,27;92,27;92,32;92,32;92,32;92,32;92,29;92,30;92,30;92,30;92,30;92,30;92,30;92,30;92,28;92,28;92,28;92,28;85,01;85,01;85,01;85,01;85,27;85,27;85,27;85,27;85,28;85,28;85,28;85,28;85,28;85,28;85,28;85,28;85,29;85,29;85,29;85,29;85,29;82,70;82,70;82,70;82,70;82,73;82,73
2002-Q1;101,85;101,81;101,81;101,81;101,82;101,83;101,83;101,83;101,83;101,83;101,83;101,83;101,83;101,82;101,82;101,82;101,82;101,84;101,84;101,84;101,85;101,82;101,82;101,82;101,81;97,93;97,77;97,77;97,76;97,77;97,76;97,76;97,77;97,74;97,74;97,72;97,72;92,13;92,13;92,13;92,13;92,13;92,13;92,13;92,13;92,13;92,14;92,14;92,14;92,14;92,14;92,14;92,14;92,14;92,14;92,14;92,14;84,68;84,68;84,69;84,69;84,93;84,93;84,93;84,93;84,94;84,94;84,94;84,94;84,94;84,94;84,94;84,94;84,95;84,95;84,95;84,95;84,95;82,36;82,36;82,36;82,37;82,40;82,40
2002-Q2;101,90;101,82;101,82;101,82;101,82;101,72;101,72;101,72;101,72;101,74;101,74;101,74;101,74;101,74;101,74;101,73;101,73;101,75;101,75;101,75;101,76;101,75;101,75;101,75;101,75;98,10;97,94;97,94;97,94;97,94;97,94;97,94;97,94;97,94;97,94;97,92;97,92;92,19;92,19;92,20;92,20;92,23;92,23;92,24;92,23;92,24;92,24;92,24;92,24;92,25;92,25;92,25;92,24;92,23;92,23;92,23;92,23;84,97;84,97;84,97;84,97;85,22;85,22;85,22;85,22;85,22;85,22;85,22;85,22;85,23;85,23;85,23;85,23;85,24;85,24;85,24;85,24;85,24;82,73;82,73;82,73;82,72;82,72;82,72
2002-Q3;102,30;102,16;102,16;102,16;102,15;102,06;102,06;102,06;102,06;101,96;101,96;101,96;101,96;101,95;101,95;101,95;101,95;101,93;101,93;101,93;101,92;101,93;101,93;101,93;101,92;98,23;98,06;98,06;98,06;98,09;98,09;98,09;98,08;98,08;98,08;98,13;98,13;92,53;92,53;92,53;92,53;92,58;92,58;92,58;92,58;92,58;92,58;92,58;92,58;92,58;92,58;92,58;92,58;92,59;92,59;92,59;92,59;85,16;85,16;85,16;85,16;85,43;85,43;85,43;85,43;85,43;85,43;85,43;85,42;85,44;85,44;85,44;85,44;85,44;85,44;85,44;85,44;85,44;83,03;83,03;83,02;83,02;83,05;83,05
2002-Q4;102,34;102,33;102,33;102,33;102,32;102,06;102,06;102,06;102,06;102,12;102,12;102,12;102,12;102,23;102,23;102,25;102,25;102,16;102,16;102,16;102,15;102,17;102,18;102,18;102,20;98,32;98,16;98,16;98,17;98,18;98,18;98,18;98,18;98,20;98,20;98,18;98,18;92,52;92,52;92,52;92,52;92,58;92,58;92,58;92,58;92,59;92,58;92,58;92,59;92,60;92,60;92,60;92,60;92,58;92,58;92,58;92,58;85,35;85,35;85,35;85,35;85,61;85,61;85,61;85,61;85,62;85,62;85,62;85,63;85,63;85,63;85,63;85,63;85,63;85,63;85,63;85,63;85,63;83,19;83,19;83,19;83,19;83,22;83,22
2003-Q1;102,03;101,76;101,76;101,76;101,77;101,82;101,82;101,82;101,82;101,70;101,70;101,70;101,70;101,65;101,65;101,65;101,65;101,71;101,71;101,71;101,71;101,68;101,68;101,68;101,66;97,69;97,53;97,53;97,53;97,54;97,54;97,54;97,54;97,51;97,51;97,49;97,49;91,42;91,42;91,42;91,42;91,46;91,46;91,46;91,46;91,47;91,47;91,47;91,48;91,48;91,48;91,48;91,48;91,48;91,47;91,47;91,47;84,08;84,08;84,08;84,08;84,32;84,32;84,32;84,32;84,34;84,34;84,33;84,33;84,34;84,34;84,34;84,34;84,35;84,35;84,35;84,35;84,35;81,86;81,86;81,86;81,87;81,88;81,88
2003-Q2;101,86;101,41;101,41;101,41;101,42;101,19;101,19;101,19;101,19;101,19;101,19;101,19;101,19;101,15;101,15;101,14;101,14;101,15;101,15;101,15;101,16;101,15;101,15;101,15;101,14;97,37;97,21;97,21;97,22;97,22;97,22;97,22;97,22;97,22;97,22;97,20;97,20;91,23;91,23;91,23;91,23;91,26;91,26;91,26;91,26;91,26;91,26;91,26;91,25;91,27;91,27;91,27;91,26;91,26;91,26;91,26;91,25;83,98;83,98;83,98;83,98;84,24;84,24;84,24;84,24;84,24;84,24;84,24;84,24;84,25;84,25;84,25;84,25;84,24;84,24;84,24;84,24;84,24;81,86;81,86;81,86;81,85;81,86;81,86
2003-Q3;102,24;102,00;102,00;102,00;101,99;101,97;101,97;101,97;101,97;101,92;101,92;101,92;101,92;101,92;101,92;101,92;101,92;101,91;101,91;101,91;101,90;101,90;101,90;101,90;101,89;98,07;97,91;97,91;97,90;97,92;97,91;97,91;97,91;97,91;97,91;97,97;97,97;92,08;92,08;92,08;92,08;92,10;92,10;92,10;92,10;92,10;92,09;92,09;92,10;92,10;92,10;92,10;92,10;92,10;92,10;92,10;92,11;84,84;84,84;84,84;84,84;85,11;85,11;85,11;85,11;85,12;85,12;85,12;85,12;85,12;85,12;85,12;85,12;85,12;85,12;85,12;85,12;85,12;82,85;82,85;82,84;82,85;82,89;82,89
2003-Q4;102,70;102,62;102,62;102,62;102,61;102,38;102,38;102,38;102,38;102,20;102,20;102,20;102,21;102,33;102,33;102,35;102,35;102,25;102,25;102,25;102,24;102,28;102,28;102,28;102,31;98,42;98,26;98,26;98,26;98,26;98,27;98,27;98,27;98,29;98,29;98,28;98,28;92,25;92,25;92,25;92,25;92,30;92,30;92,30;92,30;92,32;92,33;92,33;92,33;92,33;92,33;92,33;92,33;92,32;92,32;92,32;92,32;85,11;85,11;85,11;85,11;85,36;85,36;85,36;85,36;85,37;85,37;85,37;85,38;85,39;85,39;85,39;85,39;85,39;85,39;85,39;85,39;85,39;82,94;82,94;82,95;82,94;82,98;82,98
2004-Q1;103,08;102,99;102,99;102,99;103,01;102,73;102,73;102,73;102,73;102,47;102,47;102,47;102,46;102,54;102,54;102,54;102,54;102,67;102,67;102,67;102,68;102,63;102,63;102,63;102,62;98,53;98,37;98,37;98,37;98,36;98,37;98,37;98,37;98,33;98,33;98,31;98,31;92,27;92,27;92,27;92,27;92,30;92,30;92,30;92,30;92,30;92,31;92,31;92,32;92,32;92,32;92,32;92,32;92,31;92,31;92,31;92,31;84,97;84,97;84,97;84,97;85,20;85,20;85,20;85,20;85,20;85,20;85,20;85,20;85,20;85,20;85,20;85,21;85,22;85,22;85,22;85,22;85,22;82,77;82,77;82,77;82,78;82,79;82,79
2004-Q2;104,12;103,92;103,92;103,92;103,93;103,25;103,25;103,25;103,25;103,05;103,05;103,05;103,04;103,25;103,25;103,23;103,23;103,22;103,22;103,22;103,23;103,22;103,22;103,22;103,21;99,38;99,22;99,22;99,22;99,22;99,23;99,23;99,22;99,21;99,21;99,20;99,20;93,07;93,07;93,07;93,07;93,09;93,09;93,09;93,09;93,08;93,08;93,08;93,07;93,08;93,08;93,08;93,08;93,07;93,07;93,07;93,07;85,87;85,87;85,87;85,87;86,13;86,13;86,13;86,13;86,13;86,13;86,13;86,12;86,14;86,14;86,14;86,14;86,13;86,13;86,13;86,13;86,13;83,69;83,69;83,69;83,68;83,69;83,69
2004-Q3;103,78;103,56;103,56;103,56;103,55;102,97;102,97;102,97;102,97;102,65;102,65;102,65;102,65;102,80;102,80;102,80;102,80;102,78;102,78;102,78;102,77;102,78;102,77;102,77;102,76;99,02;98,86;98,86;98,86;98,87;98,85;98,85;98,85;98,87;98,87;98,92;98,92;92,88;92,88;92,88;92,88;92,89;92,89;92,89;92,89;92,89;92,88;92,88;92,88;92,88;92,88;92,88;92,88;92,89;92,89;92,89;92,89;85,47;85,47;85,47;85,47;85,73;85,73;85,73;85,73;85,74;85,74;85,74;85,74;85,74;85,74;85,74;85,74;85,75;85,75;85,75;85,75;85,75;83,25;83,25;83,25;83,25;83,29;83,29
2004-Q4;103,54;103,45;103,45;103,45;103,43;102,92;102,92;102,92;102,92;102,53;102,53;102,53;102,54;102,75;102,75;102,78;102,78;102,69;102,69;102,69;102,68;102,72;102,73;102,73;102,77;99,03;98,87;98,87;98,88;98,86;98,87;98,87;98,87;98,88;98,88;98,87;98,87;92,79;92,79;92,79;92,79;92,84;92,84;92,84;92,83;92,86;92,86;92,86;92,86;92,87;92,87;92,87;92,87;92,86;92,86;92,86;92,86;85,44;85,44;85,44;85,44;85,68;85,68;85,68;85,68;85,70;85,70;85,70;85,71;85,71;85,71;85,71;85,71;85,72;85,72;85,72;85,72;85,72;83,25;83,25;83,25;83,25;83,28;83,28
2005-Q1;104,60;104,44;104,25;104,27;104,27;103,74;103,74;103,74;103,74;103,29;103,29;103,29;103,28;103,24;103,24;103,24;103,24;103,32;103,32;103,32;103,33;103,28;103,28;103,28;103,25;99,18;99,02;99,02;99,01;99,04;99,04;99,04;99,05;99,00;99,00;99,00;99,00;92,70;92,70;92,70;92,70;92,73;92,73;92,73;92,73;92,72;92,72;92,72;92,73;92,74;92,74;92,74;92,74;92,74;92,74;92,74;92,73;85,47;85,47;85,47;85,47;85,72;85,72;85,72;85,72;85,72;85,72;85,72;85,72;85,72;85,72;85,72;85,73;85,74;85,74;85,75;85,75;85,75;83,44;83,44;83,43;83,44;83,46;83,46
2005-Q2;;104,66;104,58;104,67;104,80;104,13;104,13;104,13;104,13;103,81;103,81;103,81;103,80;103,99;103,99;103,96;103,96;103,76;103,76;103,76;103,78;103,76;103,77;103,77;103,75;99,71;99,54;99,54;99,54;99,54;99,54;99,54;99,53;99,53;99,53;99,52;99,52;93,21;93,21;93,21;93,21;93,23;93,23;93,23;93,23;93,23;93,23;93,23;93,22;93,22;93,22;93,22;93,22;93,20;93,20;93,20;93,20;85,85;85,85;85,85;85,85;86,11;86,11;86,11;86,11;86,10;86,10;86,10;86,10;86,11;86,11;86,11;86,11;86,11;86,11;86,11;86,11;86,10;83,82;83,82;83,81;83,81;83,83;83,83
2005-Q3;;;104,90;105,04;105,15;104,49;104,49;104,49;104,49;104,08;104,08;104,08;104,08;104,28;104,28;104,28;104,28;104,18;104,18;104,18;104,17;104,18;104,16;104,16;104,15;100,28;100,12;100,12;100,12;100,12;100,09;100,09;100,09;100,11;100,11;100,15;100,15;93,92;93,92;93,91;93,91;93,92;93,92;93,92;93,93;93,94;93,93;93,93;93,93;93,94;93,94;93,94;93,94;93,94;93,94;93,94;93,94;86,37;86,37;86,37;86,37;86,63;86,63;86,63;86,63;86,65;86,65;86,65;86,65;86,65;86,65;86,65;86,65;86,66;86,66;86,66;86,66;86,66;84,36;84,36;84,37;84,37;84,41;84,41
2005-Q4;;;;105,23;105,34;104,88;104,88;104,88;104,88;104,37;104,37;104,37;104,39;104,56;104,56;104,59;104,59;104,56;104,56;104,56;104,55;104,60;104,61;104,61;104,66;100,82;100,66;100,66;100,67;100,68;100,69;100,69;100,69;100,72;100,72;100,69;100,69;94,33;94,33;94,33;94,33;94,37;94,37;94,37;94,37;94,40;94,40;94,40;94,40;94,41;94,41;94,41;94,41;94,41;94,40;94,40;94,40;87,04;87,04;87,04;87,04;87,28;87,28;87,28;87,28;87,30;87,30;87,31;87,31;87,33;87,33;87,33;87,33;87,33;87,33;87,33;87,33;87,32;84,91;84,91;84,92;84,91;84,93;84,93
2006-Q1;;;;;105,69;105,49;105,65;105,57;105,52;105,28;105,28;105,28;105,26;105,27;105,27;105,26;105,26;105,44;105,44;105,44;105,46;105,73;105,74;105,74;105,68;101,91;101,74;101,74;101,72;101,77;101,78;101,78;101,78;101,70;101,70;101,71;101,71;95,23;95,23;95,24;95,24;95,24;95,24;95,25;95,24;95,24;95,24;95,24;95,24;95,24;95,24;95,24;95,24;95,22;95,23;95,23;95,23;87,83;87,83;87,83;87,83;88,07;88,07;88,07;88,07;88,08;88,08;88,08;88,07;88,09;88,09;88,09;88,09;88,10;88,10;88,10;88,10;88,10;85,79;85,79;85,78;85,79;85,81;85,81
2006-Q2;;;;;;106,88;107,07;107,09;107,15;106,84;106,84;106,84;106,83;107,05;107,05;107,03;107,03;107,09;107,09;107,09;107,10;107,41;107,43;107,43;107,40;103,48;103,31;103,31;103,31;103,30;103,29;103,30;103,29;103,32;103,32;103,29;103,29;96,72;96,72;96,72;96,72;96,74;96,74;96,74;96,74;96,71;96,71;96,71;96,70;96,71;96,71;96,71;96,71;96,71;96,71;96,71;96,70;89,37;89,37;89,37;89,37;89,64;89,64;89,64;89,64;89,63;89,63;89,62;89,62;89,64;89,64;89,64;89,64;89,62;89,62;89,62;89,62;89,62;87,28;87,28;87,28;87,28;87,30;87,29
2006-Q3;;;;;;;107,80;108,10;108,15;107,70;107,70;107,70;107,70;107,90;107,90;107,89;107,89;108,09;108,09;108,09;108,07;108,41;108,39;108,39;108,39;104,66;104,49;104,49;104,49;104,47;104,45;104,45;104,46;104,46;104,46;104,50;104,50;97,97;97,97;97,97;97,97;97,99;97,99;97,99;97,99;98,02;98,01;98,01;98,02;98,03;98,03;98,03;98,03;98,03;98,03;98,03;98,03;90,17;90,17;90,17;90,17;90,45;90,45;90,45;90,45;90,46;90,46;90,47;90,47;90,46;90,46;90,46;90,46;90,48;90,48;90,48;90,48;90,48;88,10;88,10;88,11;88,11;88,15;88,15
2006-Q4;;;;;;;;108,54;108,66;108,53;108,53;108,53;108,55;108,93;108,93;108,97;108,97;109,14;109,14;109,14;109,13;109,52;109,52;109,52;109,61;105,93;105,76;105,76;105,77;105,79;105,81;105,81;105,81;105,84;105,84;105,81;105,81;99,06;99,06;99,06;99,06;99,10;99,10;99,10;99,10;99,11;99,11;99,11;99,11;99,11;99,11;99,11;99,11;99,12;99,12;99,12;99,12;91,46;91,46;91,46;91,46;91,73;91,73;91,73;91,73;91,74;91,74;91,75;91,75;91,76;91,76;91,76;91,77;91,76;91,76;91,76;91,76;91,76;89,30;89,30;89,31;89,30;89,33;89,33
2007-Q1;;;;;;;;;109,48;109,35;109,32;109,45;109,45;109,49;109,49;109,48;109,48;109,71;109,71;109,71;109,73;110,31;110,31;110,31;110,21;106,88;106,71;106,71;106,68;106,75;106,76;106,77;106,76;106,66;106,66;106,69;106,69;99,89;99,89;99,89;99,89;99,89;99,89;99,90;99,89;99,87;99,87;99,87;99,87;99,87;99,87;99,87;99,87;99,85;99,85;99,85;99,85;91,85;91,85;91,85;91,85;92,11;92,11;92,11;92,11;92,12;92,12;92,12;92,12;92,13;92,13;92,13;92,13;92,14;92,14;92,14;92,14;92,14;89,56;89,56;89,56;89,56;89,59;89,59
2007-Q2;;;;;;;;;;109,93;109,91;109,97;109,97;110,34;110,34;110,31;110,31;110,36;110,36;110,36;110,38;110,90;110,93;110,93;110,90;107,76;107,58;107,58;107,59;107,57;107,54;107,54;107,54;107,58;107,58;107,55;107,55;100,78;100,78;100,78;100,78;100,79;100,79;100,79;100,79;100,78;100,78;100,78;100,78;100,79;100,79;100,79;100,79;100,78;100,78;100,78;100,77;92,83;92,83;92,83;92,83;93,12;93,12;93,12;93,12;93,11;93,11;93,11;93,11;93,11;93,11;93,11;93,11;93,11;93,11;93,11;93,11;93,11;90,47;90,47;90,47;90,47;90,49;90,49
2007-Q3;;;;;;;;;;;110,66;110,64;110,64;110,89;110,89;110,88;110,88;111,08;111,08;111,08;111,06;111,66;111,62;111,62;111,63;108,67;108,49;108,49;108,50;108,44;108,44;108,44;108,44;108,41;108,41;108,46;108,46;101,69;101,69;101,69;101,68;101,70;101,70;101,70;101,70;101,72;101,73;101,73;101,73;101,74;101,74;101,74;101,74;101,75;101,75;101,75;101,76;93,24;93,24;93,24;93,24;93,53;93,53;93,53;93,53;93,55;93,55;93,55;93,55;93,55;93,55;93,55;93,55;93,56;93,56;93,56;93,56;93,56;90,89;90,89;90,90;90,90;90,94;90,94
2007-Q4;;;;;;;;;;;;111,10;111,19;111,56;111,56;111,61;111,61;111,58;111,58;111,58;111,57;112,21;112,22;112,22;112,34;109,24;109,06;109,06;109,06;109,10;109,12;109,12;109,12;109,18;109,18;109,15;109,15;102,14;102,14;102,14;102,14;102,18;102,18;102,18;102,18;102,16;102,16;102,16;102,16;102,15;102,15;102,15;102,15;102,15;102,15;102,15;102,15;94,03;94,03;94,03;94,03;94,31;94,31;94,31;94,31;94,32;94,32;94,32;94,32;94,34;94,34;94,34;94,34;94,33;94,33;94,33;94,33;94,33;91,68;91,68;91,68;91,67;91,70;91,70
2008-Q1;;;;;;;;;;;;;112,51;112,62;112,70;112,88;112,89;113,24;113,24;113,24;113,27;113,62;113,62;113,62;113,49;110,29;110,11;110,11;110,09;110,17;110,18;110,18;110,17;110,05;110,05;110,07;110,07;102,95;102,95;102,96;102,96;103,01;103,02;103,02;103,01;102,98;102,98;102,98;102,98;102,99;102,99;102,99;102,99;102,98;102,98;102,98;102,98;94,63;94,63;94,63;94,63;94,90;94,90;94,90;94,90;94,90;94,90;94,90;94,90;94,90;94,90;94,90;94,90;94,90;94,90;94,90;94,90;94,91;92,16;92,16;92,16;92,16;92,17;92,17
2008-Q2;;;;;;;;;;;;;;112,39;112,59;112,64;112,65;112,76;112,76;112,76;112,78;112,91;112,95;112,95;112,93;109,96;109,78;109,78;109,80;109,78;109,73;109,73;109,73;109,79;109,79;109,76;109,76;102,74;102,74;102,74;102,74;102,77;102,77;102,77;102,77;102,76;102,76;102,76;102,76;102,75;102,75;102,75;102,75;102,73;102,74;102,74;102,73;94,46;94,46;94,46;94,46;94,74;94,74;94,74;94,74;94,73;94,73;94,73;94,73;94,74;94,74;94,74;94,74;94,75;94,75;94,75;94,75;94,75;91,96;91,96;91,96;91,96;91,97;91,97
2008-Q3;;;;;;;;;;;;;;;111,87;111,88;111,90;112,09;112,09;112,09;112,06;112,25;112,21;112,21;112,23;109,41;109,23;109,23;109,25;109,18;109,20;109,20;109,20;109,14;109,14;109,20;109,20;102,28;102,28;102,27;102,27;102,35;102,35;102,34;102,35;102,36;102,36;102,36;102,36;102,36;102,36;102,36;102,36;102,38;102,38;102,38;102,38;93,67;93,67;93,67;93,67;93,97;93,97;93,97;93,97;93,99;93,99;93,99;93,99;93,99;93,99;93,99;93,99;94,00;94,00;94,01;94,01;94,01;91,30;91,30;91,31;91,31;91,33;91,33
2008-Q4;;;;;;;;;;;;;;;;109,53;109,38;109,31;109,31;109,31;109,30;109,70;109,70;109,70;109,84;106,90;106,72;106,72;106,70;106,75;106,77;106,76;106,77;106,87;106,87;106,83;106,83;99,97;99,97;99,97;99,97;100,00;100,00;100,00;100,01;100,05;100,05;100,05;100,05;100,06;100,06;100,06;100,06;100,04;100,04;100,04;100,04;91,99;91,99;91,99;91,99;92,26;92,26;92,26;92,26;92,27;92,27;92,27;92,27;92,29;92,29;92,29;92,29;92,29;92,29;92,29;92,29;92,29;89,67;89,67;89,67;89,66;89,67;89,67
2009-Q1;;;;;;;;;;;;;;;;;104,68;105,25;105,24;105,25;105,27;105,69;105,69;105,69;105,53;102,24;102,07;102,07;102,06;102,15;102,16;102,16;102,14;102,04;102,04;102,03;102,03;95,34;95,33;95,34;95,35;95,39;95,39;95,39;95,39;95,37;95,37;95,37;95,37;95,38;95,38;95,38;95,37;95,34;95,34;95,34;95,34;87,51;87,51;87,51;87,51;87,76;87,76;87,76;87,76;87,76;87,76;87,76;87,76;87,75;87,75;87,75;87,75;87,75;87,75;87,75;87,75;87,75;85,09;85,09;85,09;85,09;85,09;85,09
2009-Q2;;;;;;;;;;;;;;;;;;105,20;105,40;105,39;105,41;105,84;105,87;105,87;105,86;102,43;102,26;102,26;102,29;102,25;102,21;102,21;102,21;102,26;102,26;102,24;102,24;95,28;95,28;95,28;95,28;95,30;95,30;95,30;95,30;95,29;95,30;95,30;95,29;95,29;95,29;95,29;95,29;95,29;95,29;95,29;95,28;87,52;87,52;87,52;87,52;87,79;87,79;87,79;87,79;87,78;87,78;87,78;87,78;87,79;87,79;87,79;87,79;87,80;87,80;87,80;87,80;87,80;85,26;85,26;85,26;85,27;85,27;85,27
2009-Q3;;;;;;;;;;;;;;;;;;;106,02;106,03;106,00;106,65;106,60;106,60;106,62;103,38;103,21;103,21;103,24;103,14;103,16;103,15;103,16;103,12;103,12;103,19;103,19;95,92;95,92;95,91;95,91;95,99;95,99;95,99;95,99;96,00;95,99;95,99;95,99;96,00;96,00;96,00;96,00;96,02;96,02;96,02;96,02;88,04;88,04;88,04;88,04;88,31;88,31;88,31;88,31;88,33;88,33;88,33;88,33;88,33;88,33;88,33;88,33;88,35;88,35;88,35;88,35;88,35;85,79;85,80;85,80;85,80;85,82;85,82
2009-Q4;;;;;;;;;;;;;;;;;;;;105,94;106,14;106,78;106,78;106,78;106,93;104,26;104,09;104,09;104,04;104,08;104,11;104,10;104,12;104,26;104,26;104,22;104,22;96,58;96,58;96,58;96,58;96,67;96,67;96,67;96,68;96,71;96,71;96,71;96,72;96,72;96,72;96,72;96,73;96,70;96,70;96,70;96,71;88,62;88,62;88,62;88,62;88,85;88,85;88,85;88,85;88,87;88,87;88,87;88,87;88,89;88,89;88,89;88,89;88,88;88,88;88,88;88,88;88,88;86,45;86,45;86,45;86,45;86,45;86,45
2010-Q1;;;;;;;;;;;;;;;;;;;;;107,34;108,25;108,37;108,46;108,48;105,37;105,20;105,20;105,21;105,58;105,60;105,59;105,58;105,33;105,33;105,32;105,32;98,13;98,13;98,14;98,14;98,15;98,15;98,15;98,14;98,07;98,07;98,07;98,08;98,10;98,10;98,10;98,10;98,05;98,05;98,05;98,05;89,96;89,96;89,96;89,96;90,23;90,23;90,23;90,23;90,22;90,22;90,21;90,22;90,21;90,21;90,21;90,21;90,22;90,22;90,22;90,22;90,22;87,82;87,81;87,81;87,82;87,82;87,82
2010-Q2;;;;;;;;;;;;;;;;;;;;;;110,05;110,29;110,29;110,28;106,94;106,77;106,77;106,80;107,40;107,33;107,33;107,33;107,04;107,04;107,03;107,03;99,55;99,55;99,55;99,55;99,51;99,51;99,51;99,50;99,51;99,51;99,51;99,51;99,50;99,50;99,50;99,50;99,50;99,50;99,50;99,49;91,42;91,42;91,42;91,42;91,70;91,70;91,70;91,70;91,69;91,69;91,69;91,69;91,70;91,70;91,70;91,70;91,73;91,73;91,73;91,73;91,73;89,25;89,25;89,26;89,26;89,24;89,25
2010-Q3;;;;;;;;;;;;;;;;;;;;;;;110,99;110,91;110,95;107,83;107,65;107,65;107,68;108,05;108,08;108,08;108,08;107,89;107,89;107,98;107,98;100,37;100,37;100,36;100,36;100,38;100,38;100,38;100,39;100,39;100,39;100,39;100,38;100,38;100,38;100,38;100,38;100,42;100,42;100,42;100,42;92,18;92,18;92,18;92,18;92,46;92,46;92,46;92,46;92,48;92,48;92,48;92,48;92,49;92,49;92,49;92,49;92,50;92,50;92,50;92,50;92,50;90,11;90,11;90,11;90,11;90,12;90,12
2010-Q4;;;;;;;;;;;;;;;;;;;;;;;;111,60;111,50;108,52;108,34;108,34;108,27;108,77;108,80;108,80;108,82;108,94;108,94;108,88;108,88;100,97;100,97;100,96;100,96;100,99;100,99;100,99;101,00;101,08;101,08;101,08;101,08;101,10;101,10;101,10;101,10;101,07;101,07;101,07;101,08;92,90;92,90;92,90;92,90;93,14;93,14;93,14;93,14;93,18;93,18;93,18;93,17;93,19;93,19;93,19;93,19;93,17;93,17;93,17;93,17;93,17;90,66;90,66;90,66;90,65;90,65;90,65
2011-Q1;;;;;;;;;;;;;;;;;;;;;;;;;113,11;109,77;109,59;109,58;109,60;110,19;110,21;110,21;110,19;110,48;110,48;110,45;110,45;103,14;103,14;103,15;103,16;103,11;103,11;103,12;103,11;103,05;103,06;103,06;103,07;103,10;103,10;103,10;103,09;103,03;103,03;103,03;103,02;94,91;94,91;94,91;94,91;95,19;95,19;95,19;95,19;95,18;95,18;95,18;95,18;95,19;95,19;95,19;95,19;95,20;95,20;95,20;95,20;95,20;92,45;92,45;92,45;92,45;92,45;92,45
2011-Q2;;;;;;;;;;;;;;;;;;;;;;;;;;110,05;110,14;109,82;109,84;110,60;110,51;110,53;110,52;110,59;110,59;110,57;110,57;103,10;103,10;103,10;103,10;103,12;103,13;103,12;103,11;103,08;103,09;103,09;103,08;103,06;103,06;103,06;103,06;103,07;103,07;103,07;103,07;94,80;94,80;94,80;94,80;95,09;95,09;95,09;95,09;95,08;95,08;95,08;95,08;95,10;95,10;95,10;95,10;95,13;95,13;95,13;95,13;95,13;92,62;92,62;92,62;92,62;92,62;92,62
2011-Q3;;;;;;;;;;;;;;;;;;;;;;;;;;;110,60;110,65;110,67;111,08;111,11;111,11;111,11;111,17;111,17;111,27;111,27;103,69;103,69;103,68;103,68;103,73;103,73;103,73;103,74;103,76;103,75;103,75;103,74;103,73;103,73;103,73;103,74;103,79;103,79;103,79;103,79;95,76;95,76;95,76;95,76;96,05;96,05;96,05;96,05;96,06;96,06;96,06;96,07;96,08;96,08;96,08;96,08;96,08;96,08;96,08;96,08;96,09;93,24;93,24;93,24;93,24;93,24;93,24
2011-Q4;;;;;;;;;;;;;;;;;;;;;;;;;;;;110,71;110,60;111,04;111,08;111,07;111,09;111,47;111,47;111,43;111,43;103,59;103,59;103,58;103,58;103,55;103,55;103,56;103,57;103,66;103,67;103,67;103,67;103,69;103,69;103,69;103,69;103,68;103,68;103,68;103,69;95,49;95,49;95,49;95,49;95,74;95,74;95,74;95,74;95,77;95,77;95,77;95,76;95,77;95,77;95,76;95,76;95,75;95,75;95,75;95,75;95,75;93,25;93,25;93,24;93,24;93,24;93,24
2012-Q1;;;;;;;;;;;;;;;;;;;;;;;;;;;;;110,97;111,58;111,59;111,59;111,70;111,96;111,96;111,92;111,92;104,06;104,06;104,07;104,08;104,12;104,12;104,12;104,10;104,09;104,09;104,09;104,11;104,13;104,13;104,13;104,11;104,03;104,04;104,04;104,02;95,76;95,76;95,76;95,76;96,04;96,04;96,04;96,04;96,03;96,03;96,03;96,03;96,05;96,05;96,05;96,05;96,07;96,07;96,07;96,07;96,07;93,42;93,42;93,42;93,42;93,41;93,41
2012-Q2;;;;;;;;;;;;;;;;;;;;;;;;;;;;;;112,06;111,93;111,93;111,96;112,11;112,11;112,08;112,08;104,25;104,25;104,25;104,26;104,29;104,30;104,29;104,27;104,33;104,33;104,33;104,32;104,29;104,29;104,29;104,30;104,30;104,30;104,30;104,29;96,01;96,01;96,01;96,01;96,32;96,32;96,32;96,32;96,31;96,31;96,31;96,31;96,32;96,32;96,32;96,32;96,35;96,35;96,35;96,35;96,35;93,60;93,60;93,61;93,61;93,59;93,60
2012-Q3;;;;;;;;;;;;;;;;;;;;;;;;;;;;;;;112,08;112,13;112,14;112,23;112,23;112,33;112,33;104,38;104,38;104,37;104,37;104,46;104,45;104,45;104,46;104,54;104,54;104,53;104,53;104,54;104,54;104,54;104,55;104,61;104,61;104,61;104,61;96,23;96,23;96,23;96,23;96,53;96,53;96,53;96,53;96,54;96,54;96,55;96,55;96,56;96,56;96,56;96,55;96,55;96,55;96,56;96,56;96,56;93,77;93,78;93,77;93,77;93,77;93,77
2012-Q4;;;;;;;;;;;;;;;;;;;;;;;;;;;;;;;;111,54;111,44;111,79;111,79;111,76;111,76;103,68;103,68;103,68;103,67;103,67;103,67;103,68;103,71;103,87;103,87;103,87;103,87;103,88;103,88;103,88;103,88;103,88;103,88;103,88;103,89;95,74;95,74;95,74;95,74;96,00;96,00;96,00;96,00;96,03;96,03;96,03;96,01;96,01;96,01;96,01;96,01;95,98;95,98;95,97;95,97;95,97;93,40;93,40;93,39;93,38;93,39;93,39
2013-Q1;;;;;;;;;;;;;;;;;;;;;;;;;;;;;;;;;111,66;111,74;111,75;111,71;111,71;103,62;103,62;103,63;103,64;103,69;103,69;103,68;103,65;103,89;103,90;103,90;103,90;103,94;103,94;103,94;103,93;103,85;103,84;103,84;103,83;95,49;95,49;95,49;95,49;95,79;95,79;95,79;95,79;95,77;95,77;95,77;95,78;95,79;95,79;95,79;95,79;95,83;95,83;95,83;95,83;95,83;93,04;93,04;93,05;93,05;93,05;93,05
2013-Q2;;;;;;;;;;;;;;;;;;;;;;;;;;;;;;;;;;112,41;112,50;112,45;112,45;104,10;104,10;104,10;104,10;104,42;104,42;104,42;104,39;104,63;104,64;104,64;104,62;104,60;104,60;104,60;104,61;104,62;104,62;104,62;104,61;96,27;96,27;96,27;96,27;96,59;96,59;96,59;96,59;96,57;96,57;96,57;96,57;96,58;96,58;96,58;96,59;96,61;96,61;96,61;96,61;96,61;93,97;93,96;93,97;93,98;93,97;93,97
2013-Q3;;;;;;;;;;;;;;;;;;;;;;;;;;;;;;;;;;;112,81;112,89;112,89;104,50;104,50;104,48;104,48;104,83;104,82;104,82;104,84;105,14;105,14;105,14;105,14;105,16;105,16;105,16;105,16;105,23;105,23;105,23;105,24;96,81;96,81;96,81;96,81;97,11;97,11;97,11;97,11;97,13;97,13;97,13;97,14;97,15;97,15;97,15;97,15;97,13;97,13;97,14;97,14;97,14;94,48;94,48;94,47;94,47;94,49;94,49
2013-Q4;;;;;;;;;;;;;;;;;;;;;;;;;;;;;;;;;;;;113,70;113,68;105,08;105,08;105,08;105,07;105,36;105,35;105,37;105,41;105,81;105,80;105,80;105,81;105,86;105,86;105,86;105,86;105,86;105,86;105,86;105,87;97,44;97,44;97,44;97,44;97,68;97,68;97,68;97,68;97,71;97,72;97,72;97,70;97,69;97,69;97,69;97,69;97,66;97,66;97,66;97,66;97,66;94,92;94,92;94,91;94,91;94,92;94,92
2014-Q1;;;;;;;;;;;;;;;;;;;;;;;;;;;;;;;;;;;;;114,26;105,86;105,95;105,98;106,04;106,16;106,16;106,14;106,11;106,38;106,38;106,38;106,37;106,83;106,83;106,83;106,82;106,99;106,99;106,99;106,97;98,39;98,39;98,39;98,39;98,70;98,70;98,70;98,70;98,68;98,68;98,68;98,69;98,70;98,70;98,70;98,70;98,75;98,75;98,75;98,75;98,75;95,98;95,97;95,98;95,98;95,98;95,98
2014-Q2;;;;;;;;;;;;;;;;;;;;;;;;;;;;;;;;;;;;;;105,29;105,52;105,52;105,58;105,82;105,82;105,82;105,78;105,96;105,95;105,95;105,94;106,33;106,33;106,33;106,34;106,66;106,66;106,66;106,65;98,10;98,10;98,10;98,10;98,43;98,43;98,43;98,43;98,40;98,40;98,40;98,41;98,41;98,41;98,40;98,40;98,43;98,43;98,43;98,43;98,43;95,64;95,63;95,64;95,64;95,64;95,64
2014-Q3;;;;;;;;;;;;;;;;;;;;;;;;;;;;;;;;;;;;;;;105,83;105,77;105,82;106,09;106,08;106,09;106,11;106,38;106,39;106,38;106,40;106,79;106,79;106,79;106,80;107,12;107,12;107,12;107,13;98,68;98,68;98,68;98,68;98,98;98,98;98,98;98,98;99,02;99,02;99,02;99,03;99,05;99,05;99,05;99,06;99,01;99,01;99,02;99,02;99,02;96,23;96,24;96,23;96,22;96,25;96,25
2014-Q4;;;;;;;;;;;;;;;;;;;;;;;;;;;;;;;;;;;;;;;;106,23;106,21;106,48;106,48;106,50;106,55;107,08;107,07;107,08;107,09;107,56;107,56;107,56;107,56;108,05;108,04;108,04;108,06;99,49;99,49;99,49;99,49;99,72;99,72;99,72;99,72;99,76;99,76;99,77;99,74;99,75;99,75;99,75;99,75;99,73;99,73;99,72;99,72;99,72;96,96;96,96;96,95;96,95;96,96;96,96
2015-Q1;;;;;;;;;;;;;;;;;;;;;;;;;;;;;;;;;;;;;;;;;106,90;107,19;107,20;107,17;107,13;107,38;107,39;107,39;107,36;107,81;107,81;107,81;107,80;107,86;107,86;107,86;107,84;99,16;99,16;99,16;99,16;99,15;99,15;99,15;99,15;99,13;99,13;99,13;99,13;99,15;99,15;99,15;99,15;99,19;99,19;99,19;99,19;99,19;96,58;96,58;96,59;96,58;96,58;96,59
2015-Q2;;;;;;;;;;;;;;;;;;;;;;;;;;;;;;;;;;;;;;;;;;107,53;107,48;107,48;107,45;107,78;107,77;107,78;107,76;108,13;108,13;108,13;108,14;108,50;108,50;108,50;108,49;99,80;99,80;99,80;99,80;99,82;99,82;99,82;99,82;99,79;99,79;99,79;99,80;99,79;99,79;99,78;99,78;99,83;99,83;99,83;99,83;99,83;97,25;97,25;97,25;97,25;97,24;97,24
2015-Q3;;;;;;;;;;;;;;;;;;;;;;;;;;;;;;;;;;;;;;;;;;;107,71;107,67;107,70;107,97;107,98;107,98;108,01;108,43;108,43;108,43;108,44;108,70;108,71;108,71;108,72;100,17;100,17;100,17;100,17;100,16;100,16;100,16;100,16;100,21;100,21;100,21;100,22;100,25;100,25;100,25;100,25;100,18;100,18;100,19;100,19;100,19;97,58;97,59;97,58;97,58;97,62;97,62
2015-Q4;;;;;;;;;;;;;;;;;;;;;;;;;;;;;;;;;;;;;;;;;;;;107,62;107,66;108,09;108,08;108,08;108,09;108,56;108,56;108,56;108,56;109,05;109,06;109,06;109,07;100,42;100,42;100,42;100,42;100,39;100,39;100,39;100,39;100,43;100,43;100,43;100,40;100,40;100,40;100,41;100,41;100,41;100,41;100,40;100,40;100,40;97,83;97,83;97,82;97,83;97,87;97,87
2016-Q1;;;;;;;;;;;;;;;;;;;;;;;;;;;;;;;;;;;;;;;;;;;;;108,58;109,13;109,13;109,13;109,09;109,56;109,56;109,56;109,54;110,21;110,20;110,20;110,19;101,28;101,28;101,28;101,28;101,42;101,42;101,42;101,42;101,40;101,40;101,40;101,40;101,43;101,43;101,43;101,43;101,45;101,45;101,44;101,44;101,45;99,05;99,05;99,06;99,06;98,97;98,98
2016-Q2;;;;;;;;;;;;;;;;;;;;;;;;;;;;;;;;;;;;;;;;;;;;;;109,59;109,57;109,64;109,64;110,06;110,06;110,06;110,06;110,86;110,87;110,87;110,85;102,08;102,08;102,08;102,08;101,96;101,96;101,96;101,96;101,94;101,94;101,93;101,94;101,92;101,92;101,90;101,91;101,99;101,99;101,98;101,98;101,98;99,47;99,47;99,47;99,46;99,39;99,38
2016-Q3;;;;;;;;;;;;;;;;;;;;;;;;;;;;;;;;;;;;;;;;;;;;;;;109,73;109,76;109,83;110,40;110,40;110,40;110,41;110,93;110,94;110,94;110,95;102,21;102,21;102,21;102,21;102,22;102,22;102,22;102,22;102,27;102,27;102,27;102,29;102,31;102,31;102,31;102,31;102,23;102,23;102,23;102,23;102,23;99,61;99,62;99,62;99,61;99,58;99,58
2016-Q4;;;;;;;;;;;;;;;;;;;;;;;;;;;;;;;;;;;;;;;;;;;;;;;;110,19;110,20;110,75;110,75;110,75;110,74;111,35;111,35;111,35;111,36;102,55;102,55;102,54;102,54;102,54;102,54;102,54;102,54;102,57;102,57;102,58;102,55;102,55;102,55;102,56;102,57;102,58;102,58;102,58;102,58;102,58;100,04;100,04;100,04;100,04;99,99;99,99
2017-Q1;;;;;;;;;;;;;;;;;;;;;;;;;;;;;;;;;;;;;;;;;;;;;;;;;110,78;111,59;111,82;111,83;111,81;112,50;112,50;112,50;112,49;103,66;103,66;103,66;103,66;103,72;103,72;103,72;103,72;103,76;103,76;103,76;103,76;103,79;103,79;103,79;103,77;103,78;103,78;103,77;103,77;103,78;101,20;101,20;101,21;101,22;101,21;101,22
2017-Q2;;;;;;;;;;;;;;;;;;;;;;;;;;;;;;;;;;;;;;;;;;;;;;;;;;112,33;112,56;112,57;112,58;113,29;113,29;113,29;113,26;104,45;104,45;104,45;104,45;104,57;104,57;104,57;104,57;104,72;104,71;104,71;104,71;104,68;104,68;104,65;104,68;104,79;104,79;104,79;104,79;104,79;102,20;102,19;102,19;102,18;102,19;102,19
2017-Q3;;;;;;;;;;;;;;;;;;;;;;;;;;;;;;;;;;;;;;;;;;;;;;;;;;;113,67;113,57;113,59;114,08;114,07;114,07;114,09;105,51;105,51;105,51;105,51;105,73;105,73;105,73;105,73;105,82;105,82;105,82;105,86;105,87;105,87;105,87;105,84;105,74;105,74;105,76;105,76;105,75;103,19;103,20;103,19;103,19;103,26;103,26
2017-Q4;;;;;;;;;;;;;;;;;;;;;;;;;;;;;;;;;;;;;;;;;;;;;;;;;;;;114,27;114,28;114,68;114,67;114,67;114,69;106,24;106,24;106,24;106,24;106,55;106,55;106,55;106,55;106,67;106,67;106,68;106,65;106,66;106,66;106,69;106,70;106,71;106,71;106,71;106,71;106,71;104,06;104,06;104,06;104,07;104,13;104,13
2018-Q1;;;;;;;;;;;;;;;;;;;;;;;;;;;;;;;;;;;;;;;;;;;;;;;;;;;;;114,56;115,11;115,11;115,11;115,07;106,29;106,29;106,29;106,29;106,25;106,25;106,25;106,25;106,19;106,19;106,19;106,18;106,04;106,04;106,04;105,99;105,98;105,98;105,97;105,97;105,97;103,66;103,66;103,66;103,68;103,66;103,67
2018-Q2;;;;;;;;;;;;;;;;;;;;;;;;;;;;;;;;;;;;;;;;;;;;;;;;;;;;;;115,47;115,45;115,46;115,40;106,58;106,58;106,58;106,58;106,67;106,67;106,67;106,67;106,63;106,63;106,62;106,62;106,47;106,47;106,43;106,47;106,63;106,63;106,62;106,62;106,62;104,21;104,20;104,19;104,18;104,21;104,20
2018-Q3;;;;;;;;;;;;;;;;;;;;;;;;;;;;;;;;;;;;;;;;;;;;;;;;;;;;;;;115,28;115,32;115,31;106,56;106,56;106,56;106,56;106,43;106,43;106,43;106,43;106,19;106,20;106,19;106,24;105,91;105,91;105,92;105,87;105,77;105,77;105,79;105,79;105,78;103,55;103,56;103,55;103,54;103,65;103,65
2018-Q4;;;;;;;;;;;;;;;;;;;;;;;;;;;;;;;;;;;;;;;;;;;;;;;;;;;;;;;;115,34;115,37;106,77;106,77;106,76;106,76;106,79;106,79;106,79;106,79;106,66;106,66;106,68;106,64;106,65;106,65;106,68;106,73;106,71;106,71;106,71;106,71;106,72;104,23;104,23;104,25;104,25;104,34;104,35
2019-Q1;;;;;;;;;;;;;;;;;;;;;;;;;;;;;;;;;;;;;;;;;;;;;;;;;;;;;;;;;115,83;107,23;107,25;107,27;107,24;107,35;107,35;107,35;107,35;107,91;107,90;107,91;107,89;107,41;107,41;107,41;107,32;107,28;107,28;107,28;107,28;107,27;104,64;104,64;104,63;104,65;104,64;104,65
2019-Q2;;;;;;;;;;;;;;;;;;;;;;;;;;;;;;;;;;;;;;;;;;;;;;;;;;;;;;;;;;106,91;106,90;106,93;106,90;106,77;106,77;106,77;106,77;107,21;107,21;107,19;107,19;106,88;106,88;106,83;106,89;107,11;107,11;107,10;107,10;107,09;104,58;104,57;104,55;104,53;104,54;104,54
2019-Q3;;;;;;;;;;;;;;;;;;;;;;;;;;;;;;;;;;;;;;;;;;;;;;;;;;;;;;;;;;;106,83;107,00;107,05;107,01;107,01;107,01;107,01;107,47;107,48;107,46;107,52;107,15;107,15;107,16;107,09;107,06;107,06;107,07;107,07;107,07;104,83;104,85;104,82;104,81;104,93;104,93
2019-Q4;;;;;;;;;;;;;;;;;;;;;;;;;;;;;;;;;;;;;;;;;;;;;;;;;;;;;;;;;;;;107,13;107,01;107,04;107,04;107,04;107,04;107,45;107,46;107,48;107,44;107,31;107,31;107,35;107,45;107,41;107,41;107,41;107,41;107,43;104,68;104,68;104,74;104,75;104,76;104,77
2020-Q1;;;;;;;;;;;;;;;;;;;;;;;;;;;;;;;;;;;;;;;;;;;;;;;;;;;;;;;;;;;;;104,87;105,21;105,47;105,36;105,37;106,10;106,09;106,10;106,07;106,43;106,43;106,42;106,29;105,79;105,79;105,78;105,78;105,77;103,02;103,02;102,98;102,99;102,95;102,95
2020-Q2;;;;;;;;;;;;;;;;;;;;;;;;;;;;;;;;;;;;;;;;;;;;;;;;;;;;;;;;;;;;;;94,76;94,47;94,54;94,55;94,51;94,51;94,49;94,49;95,24;95,24;95,18;95,26;95,35;95,35;95,34;95,34;95,33;93,12;93,11;93,08;93,06;93,06;93,06
2020-Q3;;;;;;;;;;;;;;;;;;;;;;;;;;;;;;;;;;;;;;;;;;;;;;;;;;;;;;;;;;;;;;;102,01;102,17;102,40;103,21;103,21;103,20;103,25;104,33;104,33;104,35;104,26;104,12;104,12;104,14;104,14;104,13;101,11;101,13;101,10;101,08;101,11;101,11
2020-Q4;;;;;;;;;;;;;;;;;;;;;;;;;;;;;;;;;;;;;;;;;;;;;;;;;;;;;;;;;;;;;;;;101,96;102,93;103,63;103,64;103,66;103,64;104,42;104,42;104,47;104,61;104,50;104,50;104,50;104,50;104,53;101,84;101,84;101,94;101,97;102,00;102,00
2021-Q1;;;;;;;;;;;;;;;;;;;;;;;;;;;;;;;;;;;;;;;;;;;;;;;;;;;;;;;;;;;;;;;;;102,06;102,55;102,48;102,70;102,67;103,83;103,83;103,82;103,65;103,92;103,92;103,90;103,90;103,88;101,23;101,23;101,18;101,17;101,54;101,54
2021-Q2;;;;;;;;;;;;;;;;;;;;;;;;;;;;;;;;;;;;;;;;;;;;;;;;;;;;;;;;;;;;;;;;;;103,53;103,94;104,32;104,32;105,00;105,00;104,93;105,03;105,75;105,75;105,74;105,74;105,73;103,41;103,39;103,35;103,31;103,49;103,49
2021-Q3;;;;;;;;;;;;;;;;;;;;;;;;;;;;;;;;;;;;;;;;;;;;;;;;;;;;;;;;;;;;;;;;;;;105,93;106,62;106,68;106,68;106,69;106,70;106,59;106,78;106,78;106,80;106,80;106,79;104,57;104,60;104,55;104,53;104,79;104,79
2021-Q4;;;;;;;;;;;;;;;;;;;;;;;;;;;;;;;;;;;;;;;;;;;;;;;;;;;;;;;;;;;;;;;;;;;;105,64;105,34;105,62;105,62;105,68;105,86;106,62;106,62;106,62;106,62;106,66;104,82;104,82;104,96;105,02;105,30;105,30
2022-Q1;;;;;;;;;;;;;;;;;;;;;;;;;;;;;;;;;;;;;;;;;;;;;;;;;;;;;;;;;;;;;;;;;;;;;106,13;107,32;107,29;107,29;107,28;107,24;107,24;107,22;107,22;107,18;105,35;105,34;105,28;105,24;105,92;105,91
2022-Q2;;;;;;;;;;;;;;;;;;;;;;;;;;;;;;;;;;;;;;;;;;;;;;;;;;;;;;;;;;;;;;;;;;;;;;107,03;106,68;106,60;106,68;107,55;107,55;107,53;107,53;107,52;105,00;104,98;104,92;104,88;105,75;105,76
2022-Q3;;;;;;;;;;;;;;;;;;;;;;;;;;;;;;;;;;;;;;;;;;;;;;;;;;;;;;;;;;;;;;;;;;;;;;;108,22;108,32;108,14;108,24;108,24;108,27;108,27;108,26;105,83;105,86;105,78;105,77;106,36;106,36
2022-Q4;;;;;;;;;;;;;;;;;;;;;;;;;;;;;;;;;;;;;;;;;;;;;;;;;;;;;;;;;;;;;;;;;;;;;;;;106,82;106,99;107,60;107,60;107,60;107,60;107,65;105,43;105,42;105,62;105,71;106,44;106,44
2023-Q1;;;;;;;;;;;;;;;;;;;;;;;;;;;;;;;;;;;;;;;;;;;;;;;;;;;;;;;;;;;;;;;;;;;;;;;;;107,90;107,83;107,83;107,92;107,95;108,09;105,95;105,94;105,72;105,67;106,03;106,02
2023-Q2;;;;;;;;;;;;;;;;;;;;;;;;;;;;;;;;;;;;;;;;;;;;;;;;;;;;;;;;;;;;;;;;;;;;;;;;;;107,29;107,29;107,75;107,93;108,01;105,79;105,77;105,57;105,53;105,26;105,27
2023-Q3;;;;;;;;;;;;;;;;;;;;;;;;;;;;;;;;;;;;;;;;;;;;;;;;;;;;;;;;;;;;;;;;;;;;;;;;;;;;107,88;107,92;108,16;105,76;105,81;105,62;105,61;105,45;105,45
2023-Q4;;;;;;;;;;;;;;;;;;;;;;;;;;;;;;;;;;;;;;;;;;;;;;;;;;;;;;;;;;;;;;;;;;;;;;;;;;;;;107,51;107,64;106,38;106,38;106,55;106,67;106,41;106,40
2024-Q1;;;;;;;;;;;;;;;;;;;;;;;;;;;;;;;;;;;;;;;;;;;;;;;;;;;;;;;;;;;;;;;;;;;;;;;;;;;;;;107,95;106,38;106,25;106,16;106,13;105,60;105,59
2024-Q2;;;;;;;;;;;;;;;;;;;;;;;;;;;;;;;;;;;;;;;;;;;;;;;;;;;;;;;;;;;;;;;;;;;;;;;;;;;;;;;106,23;105,70;105,84;105,80;105,43;105,44
2024-Q3;;;;;;;;;;;;;;;;;;;;;;;;;;;;;;;;;;;;;;;;;;;;;;;;;;;;;;;;;;;;;;;;;;;;;;;;;;;;;;;;105,49;105,38;105,40;105,04;105,04
2024-Q4;;;;;;;;;;;;;;;;;;;;;;;;;;;;;;;;;;;;;;;;;;;;;;;;;;;;;;;;;;;;;;;;;;;;;;;;;;;;;;;;;105,04;105,12;104,75;104,75
2025-Q1;;;;;;;;;;;;;;;;;;;;;;;;;;;;;;;;;;;;;;;;;;;;;;;;;;;;;;;;;;;;;;;;;;;;;;;;;;;;;;;;;;105,72;105,34;105,29
2025-Q2;;;;;;;;;;;;;;;;;;;;;;;;;;;;;;;;;;;;;;;;;;;;;;;;;;;;;;;;;;;;;;;;;;;;;;;;;;;;;;;;;;;105,13;105,19
2025-Q3;;;;;;;;;;;;;;;;;;;;;;;;;;;;;;;;;;;;;;;;;;;;;;;;;;;;;;;;;;;;;;;;;;;;;;;;;;;;;;;;;;;;105,26
