"";24.05.2005;23.08.2005;22.11.2005;22.02.2006;23.05.2006;24.08.2006;23.11.2006;22.02.2007;24.05.2007;23.08.2007;22.11.2007;26.02.2008;27.05.2008;26.08.2008;25.11.2008;25.02.2009;26.05.2009;25.08.2009;24.11.2009;24.02.2010;21.05.2010;24.08.2010;23.11.2010;24.02.2011;24.05.2011;01.09.2011;24.11.2011;24.02.2012;24.05.2012;23.08.2012;23.11.2012;22.02.2013;24.05.2013;23.08.2013;22.11.2013;25.02.2014;23.05.2014;01.09.2014;25.11.2014;24.02.2015;22.05.2015;25.08.2015;24.11.2015;23.02.2016;24.05.2016;24.08.2016;24.11.2016;23.02.2017;23.05.2017;25.08.2017;23.11.2017;23.02.2018;24.05.2018;24.08.2018;23.11.2018;22.02.2019;23.05.2019;27.08.2019;22.11.2019;25.02.2020;25.05.2020;25.08.2020;24.11.2020;24.02.2021;25.05.2021;24.08.2021;25.11.2021;25.02.2022;25.05.2022;25.08.2022;25.11.2022;24.02.2023;25.05.2023;25.08.2023;12.10.2023;24.11.2023;23.02.2024;24.05.2024;30.08.2024;22.11.2024;25.02.2025;23.05.2025;22.08.2025;25.11.2025
"";;;;;;;;;;;;;;;;;;;;;;;;;;;;;;;;;;;;;;;;;;;;;;;;;;;;;;;;;;;;;;;;;;;;;;;;;;;;;;;;;;;;
Aufzeichnungsmethode;Computer;Computer;Computer;Computer;Computer;Computer;Computer;Computer;Computer;Computer;Computer;Computer;Computer;Computer;Computer;Computer;Computer;Computer;Computer;Computer;Computer;Computer;Computer;Computer;Computer;Computer;Computer;Computer;Computer;Computer;Computer;Computer;Computer;Computer;Computer;Computer;Computer;Computer;Computer;Computer;Computer;Computer;Computer;Computer;Computer;Computer;Computer;Computer;Computer;Computer;Computer;Computer;Computer;;Computer;Computer;Computer;Computer;Computer;Computer;Computer;Computer;Computer;Computer;Computer;Computer;Computer;Computer;Computer;Computer;Computer;Computer;Computer;Computer;Computer;Computer;Computer;Computer;Computer;Computer;Computer;Computer;Computer;Computer
BBK_COMM_SRC;;;;;;;;;;;;;;;;;;;;;;;;;;;;;;;;;;;;;;;Saisonbereinigung basierend auf Ursprungswerten des Statistischen Bundesamts;;Saisonbereinigung basierend auf Ursprungswerten des Statistischen Bundesamts;Saisonbereinigung basierend auf Ursprungswerten des Statistischen Bundesamts;;;;;;;;;;;;;;;;;;;;;;;;;;;;;;;;;;;;;;;;Saisonbereinigung basierend auf Ursprungswerten des Statistischen Bundesamts;Saisonbereinigung basierend auf Ursprungswerten des Statistischen Bundesamts;Saisonbereinigung basierend auf Ursprungswerten des Statistischen Bundesamts
Basisjahr;2000;2000;2000;2000;2000;2000;2000;2000;2000;2000;2000;2000;2000;2000;2000;2000;2000;2000;2000;2000;2000;2000;2000;2000;2000;2005;2005;2005;2005;2005;2005;2005;2005;2005;2005;2005;2005;2010;2010;2010;2010;2010;2010;2010;2010;2010;2010;2010;2010;2010;2010;2010;2010;;2010;2010;2010;2015;2015;2015;2015;2015;2015;2015;2015;2015;2015;2015;2015;2015;2015;2015;2015;2015;2015;2015;2015;2015;2020;2020;2020;2020;2020;2020
Dezimalstellen;2;2;2;2;2;2;2;2;2;2;2;2;2;2;2;2;2;2;2;2;2;2;2;2;2;2;2;2;2;2;2;2;2;2;2;2;2;2;2;2;2;2;2;2;2;2;2;2;2;2;2;2;2;2;2;2;2;2;2;2;2;2;2;2;2;2;2;2;2;2;2;2;2;2;2;2;2;2;2;2;2;2;2;2
Dimension;Eins;Eins;Eins;Eins;Eins;Eins;Eins;Eins;Eins;Eins;Eins;Eins;Eins;Eins;Eins;Eins;Eins;Eins;Eins;Eins;Eins;Eins;Eins;Eins;Eins;Eins;Eins;Eins;Eins;Eins;Eins;Eins;Eins;Eins;Eins;Eins;Eins;Eins;Eins;Eins;Eins;Eins;Eins;Eins;Eins;Eins;Eins;Eins;Eins;Eins;Eins;Eins;Eins;Eins;Eins;Eins;Eins;Eins;Eins;Eins;Eins;Eins;Eins;Eins;Eins;Eins;Eins;Eins;Eins;Eins;Eins;Eins;Eins;Eins;Eins;Eins;Eins;Eins;Eins;Eins;Eins;Eins;Eins;Eins
Einheit;2000=100;2000=100;2000=100;2000=100;2000=100;2000=100;2000=100;2000=100;2000=100;2000=100;2000=100;2000=100;2000=100;2000=100;2000=100;2000=100;2000=100;2000=100;2000=100;2000=100;2000=100;2000=100;2000=100;2000=100;2000=100;2005=100;2005=100;2005=100;2005=100;2005=100;2005=100;2005=100;2005=100;2005=100;2005=100;2005=100;2005=100;2010=100;2010=100;2010=100;2010=100;2010=100;2010=100;2010=100;2010=100;2010=100;2010=100;2010=100;2010=100;2010=100;2010=100;2010=100;2010=100;2010=100;2010=100;2010=100;2010=100;2015=100;2015=100;2015=100;2015=100;2015=100;2015=100;2015=100;2015=100;2015=100;2015=100;2015=100;2015=100;2015=100;2015=100;2015=100;2015=100;2015=100;2015=100;2015=100;2015=100;2015=100;2020=100;2020=100;2020=100;2020=100;2020=100;2020=100
FREQ;Q;Q;Q;Q;Q;Q;Q;Q;Q;Q;Q;Q;Q;Q;Q;Q;Q;Q;Q;Q;Q;Q;Q;Q;Q;Q;Q;Q;Q;Q;Q;Q;Q;Q;Q;Q;Q;Q;Q;Q;Q;Q;Q;Q;Q;Q;Q;Q;Q;Q;Q;Q;Q;Q;Q;Q;Q;Q;Q;Q;Q;Q;Q;Q;Q;Q;Q;Q;Q;Q;Q;Q;Q;Q;Q;Q;Q;Q;Q;Q;Q;Q;Q;Q
Kategorie;RTACA1;RTACA1;RTACA1;RTACA1;RTACA1;RTACA1;RTACA1;RTACA1;RTACA1;RTACA1;RTACA1;RTACA1;RTACA1;RTACA1;RTACA1;RTACA1;RTACA1;RTACA1;RTACA1;RTACA1;RTACA1;RTACA1;RTACA1;RTACA1;RTACA1;RTACA1;RTACA1;RTACA1;RTACA1;RTACA1;RTACA1;RTACA1;RTACA1;RTACA1;RTACA1;RTACA1;RTACA1;RTACA1;RTACA1;RTACA1;RTACA1;RTACA1;RTACA1;RTACA1;RTACA1;RTACA1;RTACA1;RTACA1;RTACA1;RTACA1;RTACA1;RTACA1;RTACA1;RTACA1;RTACA1;RTACA1;RTACA1;RTACA1;RTACA1;RTACA1;RTACA1;RTACA1;RTACA1;RTACA1;RTACA1;RTACA1;RTACA1;RTACA1;RTACA1;RTACA1;RTACA1;RTACA1;RTACA1;RTACA1;RTACA1;RTACA1;RTACA1;RTACA1;RTACA1;RTACA1;RTACA1;RTACA1;RTACA1;RTACA1
Originalkennung;JBB103;JBB103;JBB103;JBB103;JBB103;JBB103;JBB103;JBB103;JBB103;JBB103;JBB103;JBB103;JBB103;JBB103;JBB103;JBB103;JBB103;JBB103;JBB103;JBB103;JBB103;JBB103;JBB103;JBB103;JBB103;JBB103;JBB103;JBB103;JBB103;JBB103;JBB103;JBB103;JBB103;JBB103;JBB103;JBB103;JBB103;BBNZ1:Q:DE:Y:H:0103:A;BBNZ1:Q:DE:Y:H:0103:A;BBNZ1:Q:DE:Y:H:0103:A;BBNZ1:Q:DE:Y:H:0103:A;BBNZ1:Q:DE:Y:H:0103:A;BBNZ1:Q:DE:Y:H:0103:A;BBNZ1:Q:DE:Y:H:0103:A;BBNZ1:Q:DE:Y:H:0103:A;BBNZ1:Q:DE:Y:H:0103:A;BBNZ1:Q:DE:Y:H:0103:A;BBNZ1:Q:DE:Y:H:0103:A;BBNZ1:Q:DE:Y:H:0103:A;BBNZ1:Q:DE:Y:H:0103:A;BBNZ1:Q:DE:Y:H:0103:A;BBNZ1:Q:DE:Y:H:0103:A;BBNZ1:Q:DE:Y:H:0103:A;;BBNZ1:Q:DE:Y:H:0103:A;BBNZ1:Q:DE:Y:H:0103:A;BBNZ1:Q:DE:Y:H:0103:A;BBNZ1:Q:DE:Y:H:0103:A;BBNZ1:Q:DE:Y:H:0103:A;BBNZ1:Q:DE:Y:H:0103:A;BBNZ1:Q:DE:Y:H:0103:A;BBNZ1:Q:DE:Y:H:0103:A;BBNZ1:Q:DE:Y:H:0103:A;BBNZ1:Q:DE:Y:H:0103:A;BBNZ1:Q:DE:Y:H:0103:A;BBNZ1:Q:DE:Y:H:0103:A;BBNZ1:Q:DE:Y:H:0103:A;BBNZ1:Q:DE:Y:H:0103:A;BBNZ1:Q:DE:Y:H:0103:A;BBNZ1:Q:DE:Y:H:0103:A;BBNZ1:Q:DE:Y:H:0103:A;BBNZ1:Q:DE:Y:H:0103:A;BBNZ1:Q:DE:Y:H:0103:A;BBNZ1:Q:DE:Y:H:0103:A;BBNZ1:Q:DE:Y:H:0103:A;BBNZ1:Q:DE:Y:H:0103:A;BBNZ1:Q:DE:Y:H:0103:A;BBNZ1:Q:DE:Y:H:0103:A;BBNZ1:Q:DE:Y:H:0103:A;BBNZ1:Q:DE:Y:H:0103:A;BBNZ1:Q:DE:Y:H:0103:A;BBNZ1:Q:DE:Y:H:0103:A;BBNZ1:Q:DE:Y:H:0103:A;BBNZ1:Q:DE:Y:H:0103:A
1991-Q1;84,10;84,10;84,10;84,10;84,10;84,10;84,10;84,10;84,10;84,10;84,10;84,10;84,10;84,19;84,19;84,18;84,18;84,17;84,17;84,17;84,17;84,13;84,13;84,13;84,12;84,77;84,77;84,77;84,77;84,81;84,81;84,81;84,81;84,77;84,77;84,77;84,77;81,70;81,64;81,64;81,67;81,72;81,72;81,72;81,72;81,72;81,72;81,72;81,72;81,72;81,72;81,72;81,72;81,72;81,72;81,71;81,67;78,39;78,39;78,38;78,38;78,37;78,37;78,37;78,37;78,40;78,40;78,40;78,40;78,40;78,40;78,42;78,42;78,35;78,35;78,41;78,41;78,41;77,93;77,93;77,95;77,95;77,93;77,93
1991-Q2;85,29;85,29;85,29;85,29;85,29;85,31;85,31;85,31;85,31;85,33;85,33;85,33;85,33;85,30;85,30;85,29;85,29;85,29;85,29;85,29;85,29;85,28;85,28;85,28;85,28;85,86;85,86;85,89;85,89;85,86;85,86;85,86;85,86;85,88;85,88;85,88;85,88;82,43;82,46;82,46;82,45;82,58;82,58;82,58;82,58;82,61;82,61;82,61;82,61;82,62;82,62;82,62;82,61;82,61;82,61;82,61;82,62;79,18;79,18;79,21;79,21;79,18;79,18;79,18;79,18;79,15;79,15;79,15;79,15;79,16;79,15;79,17;79,17;79,16;79,16;79,14;79,14;79,14;77,86;77,86;77,85;77,85;77,86;77,86
1991-Q3;82,96;82,96;82,96;82,96;82,96;82,96;82,96;82,96;82,96;82,94;82,94;82,94;82,94;82,94;82,94;82,94;82,94;82,92;82,92;82,92;82,92;82,95;82,95;82,95;82,95;83,77;83,77;83,77;83,77;83,77;83,77;83,77;83,77;83,76;83,76;83,76;83,76;80,12;80,23;80,23;80,21;80,32;80,32;80,32;80,32;80,30;80,30;80,30;80,30;80,29;80,29;80,29;80,30;80,29;80,29;80,29;80,32;77,76;77,76;77,75;77,75;77,73;77,73;77,73;77,73;77,75;77,75;77,75;77,75;77,75;77,75;77,77;77,77;77,76;77,76;77,75;77,75;77,75;76,60;76,60;76,59;76,59;76,59;76,59
1991-Q4;85,65;85,65;85,65;85,65;85,65;85,61;85,61;85,61;85,61;85,61;85,61;85,61;85,61;85,57;85,57;85,58;85,58;85,49;85,49;85,49;85,49;85,53;85,54;85,54;85,54;86,22;86,22;86,19;86,19;86,17;86,17;86,17;86,17;86,18;86,18;86,18;86,18;82,39;82,30;82,30;82,30;82,38;82,38;82,38;82,38;82,39;82,39;82,39;82,39;82,39;82,39;82,39;82,39;82,41;82,41;82,41;82,41;79,34;79,34;79,33;79,33;79,31;79,31;79,31;79,31;79,30;79,30;79,30;79,30;79,31;79,32;79,26;79,26;79,33;79,33;79,31;79,31;79,31;77,79;77,79;77,78;77,78;77,79;77,79
1992-Q1;86,40;86,40;86,40;86,40;86,40;86,41;86,41;86,41;86,41;86,42;86,42;86,42;86,42;86,48;86,48;86,48;86,48;86,46;86,46;86,46;86,46;86,43;86,42;86,42;86,41;87,65;87,65;87,65;87,65;87,71;87,71;87,71;87,71;87,66;87,66;87,66;87,66;83,88;83,84;83,84;83,86;83,84;83,84;83,84;83,84;83,84;83,84;83,84;83,84;83,84;83,84;83,84;83,83;83,83;83,83;83,82;83,78;80,17;80,17;80,16;80,16;80,15;80,15;80,15;80,15;80,18;80,18;80,18;80,18;80,16;80,17;80,19;80,19;80,13;80,13;80,18;80,18;80,18;79,40;79,40;79,43;79,43;79,40;79,40
1992-Q2;86,20;86,20;86,20;86,20;86,20;86,22;86,22;86,22;86,22;86,26;86,26;86,26;86,26;86,23;86,23;86,21;86,21;86,24;86,24;86,24;86,24;86,23;86,23;86,23;86,23;86,58;86,58;86,61;86,61;86,58;86,58;86,58;86,58;86,60;86,60;86,60;86,60;83,34;83,39;83,39;83,37;83,40;83,40;83,40;83,40;83,42;83,42;83,42;83,42;83,43;83,43;83,43;83,42;83,41;83,41;83,41;83,42;80,08;80,08;80,12;80,12;80,08;80,08;80,08;80,08;80,06;80,06;80,06;80,06;80,06;80,06;80,08;80,08;80,07;80,07;80,05;80,05;80,05;79,20;79,20;79,20;79,20;79,21;79,21
1992-Q3;86,21;86,21;86,21;86,21;86,21;86,22;86,22;86,22;86,22;86,19;86,19;86,19;86,19;86,20;86,20;86,20;86,20;86,17;86,17;86,17;86,17;86,21;86,20;86,20;86,20;86,42;86,42;86,42;86,42;86,44;86,44;86,44;86,44;86,43;86,43;86,43;86,43;83,40;83,52;83,52;83,50;83,55;83,55;83,55;83,55;83,53;83,53;83,53;83,53;83,53;83,53;83,53;83,53;83,53;83,53;83,53;83,56;80,20;80,20;80,20;80,20;80,18;80,18;80,18;80,18;80,19;80,19;80,19;80,19;80,19;80,19;80,21;80,21;80,20;80,20;80,19;80,19;80,19;79,57;79,57;79,56;79,56;79,57;79,57
1992-Q4;89,08;89,08;89,08;89,08;89,08;89,09;89,09;89,09;89,09;89,05;89,05;89,05;89,05;89,05;89,05;89,07;89,07;89,25;89,25;89,25;89,25;89,26;89,27;89,27;89,28;89,84;89,84;89,81;89,81;89,80;89,80;89,80;89,80;89,81;89,81;89,81;89,81;86,06;85,94;85,94;85,94;85,97;85,97;85,97;85,97;85,98;85,98;85,98;85,98;85,97;85,97;85,97;85,97;85,98;85,98;85,99;85,99;82,58;82,58;82,57;82,57;82,54;82,54;82,54;82,54;82,52;82,52;82,52;82,52;82,55;82,54;82,48;82,48;82,57;82,57;82,55;82,55;82,55;80,13;80,13;80,12;80,12;80,12;80,12
1993-Q1;86,94;86,94;86,94;86,94;86,94;86,94;86,94;86,94;86,94;86,95;86,95;86,95;86,95;86,95;86,95;86,95;86,95;86,96;86,96;86,96;86,96;86,92;86,92;86,92;86,91;87,38;87,38;87,38;87,38;87,44;87,44;87,44;87,44;87,39;87,39;87,39;87,39;84,15;84,12;84,12;84,15;84,17;84,17;84,17;84,17;84,18;84,18;84,18;84,18;84,18;84,18;84,18;84,17;84,17;84,17;84,16;84,12;80,26;80,26;80,25;80,25;80,24;80,24;80,24;80,24;80,27;80,27;80,27;80,27;80,26;80,26;80,28;80,28;80,23;80,23;80,26;80,26;80,26;79,76;79,76;79,80;79,80;79,76;79,76
1993-Q2;86,87;86,86;86,86;86,86;86,86;86,87;86,87;86,87;86,87;86,91;86,91;86,91;86,91;87,13;87,13;87,11;87,11;87,14;87,14;87,14;87,14;87,11;87,11;87,11;87,11;87,49;87,49;87,51;87,51;87,46;87,46;87,46;87,46;87,49;87,49;87,49;87,49;84,14;84,19;84,19;84,18;84,22;84,22;84,22;84,22;84,22;84,22;84,22;84,22;84,23;84,23;84,23;84,23;84,22;84,22;84,22;84,23;80,33;80,33;80,35;80,35;80,33;80,33;80,33;80,33;80,29;80,29;80,29;80,29;80,31;80,30;80,32;80,32;80,31;80,31;80,30;80,30;80,30;79,31;79,31;79,31;79,31;79,31;79,31
1993-Q3;87,89;87,89;87,89;87,89;87,89;87,89;87,89;87,89;87,89;87,86;87,86;87,86;87,86;87,84;87,84;87,85;87,85;87,80;87,80;87,80;87,80;87,84;87,83;87,83;87,83;88,60;88,60;88,60;88,60;88,62;88,62;88,62;88,62;88,62;88,62;88,62;88,62;84,81;84,92;84,92;84,91;84,98;84,98;84,98;84,98;84,96;84,96;84,96;84,96;84,96;84,96;84,96;84,96;84,97;84,97;84,97;84,99;81,06;81,06;81,06;81,06;81,03;81,03;81,03;81,03;81,05;81,05;81,05;81,05;81,05;81,04;81,06;81,06;81,06;81,06;81,05;81,05;81,05;79,85;79,85;79,84;79,84;79,84;79,84
1993-Q4;89,18;89,18;89,18;89,18;89,18;89,19;89,19;89,19;89,19;89,16;89,16;89,16;89,16;89,18;89,18;89,20;89,20;89,40;89,40;89,40;89,40;89,40;89,41;89,41;89,42;89,10;89,10;89,08;89,08;89,05;89,05;89,05;89,05;89,07;89,07;89,07;89,07;86,02;85,87;85,87;85,86;85,92;85,92;85,92;85,92;85,93;85,93;85,93;85,93;85,92;85,92;85,92;85,92;85,93;85,93;85,94;85,95;81,96;81,96;81,95;81,95;81,93;81,93;81,93;81,93;81,92;81,92;81,92;81,92;81,93;81,93;81,87;81,87;81,95;81,95;81,94;81,94;81,94;80,49;80,49;80,47;80,47;80,49;80,49
1994-Q1;89,19;89,19;89,19;89,19;89,19;89,21;89,21;89,21;89,21;89,23;89,23;89,23;89,23;89,06;89,06;89,06;89,06;89,05;89,05;89,05;89,05;89,02;89,02;89,02;89,01;89,76;89,76;89,76;89,76;89,83;89,83;89,83;89,83;89,82;89,82;89,82;89,82;86,13;86,13;86,13;86,16;86,15;86,15;86,15;86,15;86,15;86,15;86,15;86,15;86,14;86,14;86,14;86,14;86,21;86,23;86,23;86,19;81,71;81,71;81,71;81,71;81,69;81,69;81,69;81,69;81,72;81,72;81,72;81,72;81,73;81,73;81,74;81,74;81,74;81,74;81,76;81,76;81,76;80,55;80,55;80,59;80,59;80,56;80,56
1994-Q2;88,81;88,80;88,80;88,80;88,80;88,77;88,77;88,77;88,77;88,84;88,84;88,84;88,84;88,84;88,84;88,81;88,81;88,82;88,82;88,82;88,82;88,79;88,79;88,79;88,79;88,79;88,79;88,81;88,81;88,81;88,81;88,81;88,81;88,83;88,83;88,83;88,83;85,71;85,78;85,78;85,77;85,80;85,80;85,80;85,80;85,82;85,82;85,82;85,82;85,84;85,84;85,84;85,84;85,77;85,76;85,75;85,77;81,19;81,19;81,20;81,20;81,19;81,19;81,19;81,19;81,16;81,16;81,16;81,16;81,16;81,16;81,16;81,16;81,14;81,14;81,13;81,13;81,13;80,87;80,87;80,86;80,86;80,88;80,88
1994-Q3;89,51;89,51;89,51;89,51;89,51;89,52;89,52;89,52;89,52;89,48;89,48;89,48;89,48;89,54;89,54;89,55;89,55;89,52;89,52;89,52;89,52;89,57;89,56;89,56;89,56;89,35;89,35;89,35;89,35;89,36;89,36;89,36;89,36;89,34;89,34;89,34;89,34;86,52;86,58;86,58;86,58;86,62;86,62;86,62;86,62;86,59;86,59;86,59;86,59;86,60;86,60;86,60;86,60;86,60;86,60;86,61;86,62;82,15;82,15;82,14;82,14;82,11;82,11;82,11;82,11;82,13;82,13;82,13;82,13;82,13;82,13;82,15;82,15;82,13;82,13;82,13;82,13;82,13;81,20;81,20;81,17;81,17;81,18;81,18
1994-Q4;90,47;90,47;90,47;90,47;90,47;90,53;90,53;90,53;90,53;90,50;90,50;90,50;90,50;90,36;90,36;90,37;90,37;90,43;90,43;90,43;90,43;90,46;90,47;90,47;90,48;90,77;90,77;90,76;90,76;90,77;90,77;90,77;90,77;90,79;90,79;90,79;90,79;87,26;87,13;87,13;87,12;87,19;87,19;87,19;87,19;87,15;87,15;87,15;87,15;87,15;87,15;87,15;87,15;87,14;87,14;87,14;87,15;82,84;82,84;82,83;82,83;82,80;82,80;82,80;82,80;82,80;82,80;82,80;82,80;82,83;82,83;82,79;82,79;82,84;82,84;82,84;82,84;82,84;81,51;81,51;81,50;81,50;81,51;81,51
1995-Q1;90,59;90,59;90,59;90,59;90,59;90,61;90,61;90,61;90,61;90,61;90,61;90,61;90,61;90,39;90,39;90,40;90,40;90,38;90,38;90,38;90,38;90,34;90,34;90,34;90,33;90,56;90,56;90,56;90,56;90,64;90,64;90,64;90,64;90,64;90,64;90,64;90,64;87,37;87,37;87,37;87,40;87,43;87,43;87,43;87,43;87,47;87,47;87,47;87,47;87,47;87,47;87,47;87,46;87,44;87,44;87,44;87,40;82,50;82,50;82,51;82,51;82,48;82,48;82,48;82,48;82,52;82,52;82,52;82,52;82,50;82,50;82,51;82,51;82,51;82,51;82,52;82,52;82,52;81,41;81,41;81,43;81,43;81,40;81,40
1995-Q2;92,02;92,01;92,01;92,01;92,01;92,02;92,02;92,02;92,02;92,08;92,08;92,08;92,08;92,03;92,03;92,00;92,00;92,01;92,01;92,01;92,01;91,99;91,99;91,99;91,99;91,81;91,81;91,82;91,82;91,80;91,80;91,80;91,80;91,80;91,80;91,80;91,80;88,48;88,53;88,53;88,52;88,57;88,57;88,57;88,57;88,54;88,54;88,54;88,54;88,57;88,57;88,57;88,57;88,56;88,57;88,57;88,58;83,61;83,61;83,63;83,63;83,61;83,61;83,61;83,61;83,57;83,57;83,57;83,57;83,58;83,58;83,59;83,59;83,59;83,59;83,58;83,58;83,58;82,07;82,07;82,07;82,07;82,08;82,08
1995-Q3;91,92;91,92;91,92;91,92;91,92;91,91;91,91;91,91;91,91;91,88;91,88;91,88;91,88;91,86;91,86;91,87;91,87;91,85;91,85;91,85;91,85;91,89;91,89;91,89;91,89;91,65;91,65;91,66;91,66;91,68;91,68;91,68;91,68;91,66;91,66;91,66;91,66;88,43;88,45;88,45;88,44;88,50;88,50;88,50;88,50;88,51;88,51;88,51;88,51;88,51;88,51;88,51;88,51;88,53;88,53;88,54;88,54;83,56;83,56;83,54;83,54;83,52;83,52;83,52;83,52;83,55;83,55;83,55;83,55;83,53;83,53;83,55;83,55;83,54;83,54;83,53;83,53;83,53;82,41;82,41;82,37;82,37;82,38;82,38
1995-Q4;91,88;91,88;91,88;91,88;91,88;91,84;91,84;91,84;91,84;91,81;91,81;91,81;91,81;91,87;91,87;91,88;91,88;91,90;91,90;91,90;91,90;91,93;91,94;91,94;91,94;91,66;91,66;91,64;91,64;91,68;91,68;91,68;91,68;91,71;91,71;91,71;91,71;88,54;88,46;88,46;88,45;88,49;88,49;88,49;88,49;88,40;88,40;88,40;88,40;88,40;88,40;88,40;88,40;88,44;88,44;88,45;88,46;83,72;83,72;83,73;83,73;83,70;83,70;83,70;83,70;83,71;83,71;83,71;83,71;83,71;83,71;83,67;83,67;83,71;83,71;83,70;83,70;83,70;82,66;82,66;82,66;82,66;82,67;82,67
1996-Q1;92,14;92,13;92,13;92,13;92,13;92,11;92,11;92,11;92,11;92,09;92,09;92,09;92,09;92,15;92,15;92,16;92,16;92,15;92,15;92,15;92,15;92,13;92,13;92,13;92,12;91,88;91,88;91,87;91,87;91,82;91,82;91,82;91,82;91,85;91,85;91,85;91,85;88,79;88,78;88,78;88,80;88,77;88,77;88,77;88,77;88,77;88,77;88,77;88,77;88,78;88,78;88,78;88,78;88,73;88,73;88,72;88,68;84,22;84,22;84,23;84,23;84,20;84,20;84,20;84,20;84,18;84,18;84,18;84,18;84,20;84,20;84,21;84,21;84,20;84,20;84,20;84,20;84,20;83,01;83,01;83,04;83,04;83,03;83,03
1996-Q2;92,61;92,61;92,61;92,61;92,61;92,61;92,61;92,61;92,61;92,70;92,70;92,70;92,70;92,71;92,71;92,68;92,68;92,70;92,70;92,70;92,70;92,66;92,66;92,66;92,66;92,34;92,34;92,35;92,35;92,33;92,33;92,33;92,33;92,33;92,33;92,33;92,33;89,15;89,20;89,20;89,19;89,16;89,16;89,16;89,16;89,14;89,14;89,14;89,14;89,17;89,17;89,17;89,17;89,18;89,18;89,17;89,19;84,67;84,67;84,68;84,68;84,66;84,66;84,66;84,66;84,61;84,61;84,61;84,61;84,62;84,61;84,62;84,62;84,61;84,61;84,61;84,61;84,61;83,40;83,40;83,42;83,42;83,42;83,42
1996-Q3;92,95;92,95;92,95;92,95;92,95;92,96;92,96;92,96;92,96;92,90;92,90;92,90;92,90;92,92;92,92;92,93;92,93;92,91;92,91;92,91;92,91;92,94;92,93;92,93;92,94;92,65;92,65;92,68;92,68;92,70;92,70;92,70;92,70;92,68;92,68;92,68;92,68;89,48;89,46;89,46;89,45;89,43;89,43;89,43;89,43;89,45;89,45;89,45;89,45;89,43;89,43;89,43;89,43;89,45;89,45;89,46;89,47;84,80;84,80;84,75;84,75;84,72;84,72;84,72;84,72;84,77;84,77;84,77;84,77;84,74;84,75;84,77;84,77;84,75;84,75;84,75;84,75;84,75;83,60;83,60;83,55;83,55;83,54;83,54
1996-Q4;93,05;93,06;93,06;93,06;93,06;93,01;93,01;93,01;93,01;92,99;92,99;92,99;92,99;93,04;93,04;93,05;93,05;93,07;93,07;93,07;93,07;93,12;93,13;93,13;93,13;92,65;92,65;92,63;92,63;92,64;92,64;92,64;92,64;92,66;92,66;92,66;92,66;89,53;89,51;89,51;89,50;89,49;89,49;89,49;89,49;89,57;89,57;89,57;89,57;89,59;89,59;89,59;89,59;89,61;89,61;89,62;89,63;84,88;84,88;84,90;84,90;84,87;84,87;84,87;84,87;84,89;84,89;84,89;84,89;84,89;84,89;84,86;84,86;84,88;84,88;84,88;84,88;84,88;83,80;83,80;83,81;83,81;83,80;83,80
1997-Q1;93,55;93,55;93,55;93,55;93,55;93,54;93,54;93,54;93,54;93,51;93,51;93,51;93,51;93,49;93,49;93,50;93,50;93,48;93,48;93,48;93,48;93,51;93,51;93,51;93,50;92,96;92,96;92,93;92,93;92,99;92,99;92,99;92,99;92,98;92,98;92,98;92,98;89,88;89,86;89,86;89,88;89,87;89,87;89,87;89,87;89,90;89,90;89,90;89,90;89,92;89,92;89,92;89,92;89,88;89,88;89,87;89,82;85,10;85,10;85,14;85,14;85,12;85,12;85,12;85,12;85,15;85,15;85,15;85,15;85,17;85,17;85,16;85,16;85,14;85,14;85,14;85,14;85,14;84,10;84,10;84,11;84,11;84,12;84,12
1997-Q2;93,88;93,87;93,87;93,87;93,87;93,93;93,93;93,93;93,93;94,02;94,02;94,02;94,02;94,01;94,01;93,98;93,98;94,01;94,01;94,01;94,01;93,93;93,93;93,93;93,93;93,49;93,49;93,50;93,50;93,47;93,47;93,47;93,47;93,47;93,47;93,47;93,47;90,37;90,41;90,41;90,40;90,34;90,34;90,34;90,34;90,34;90,34;90,34;90,34;90,35;90,35;90,35;90,35;90,35;90,34;90,34;90,35;85,45;85,45;85,45;85,45;85,43;85,43;85,43;85,43;85,36;85,36;85,36;85,36;85,38;85,37;85,36;85,36;85,38;85,38;85,38;85,38;85,38;84,31;84,31;84,33;84,33;84,31;84,31
1997-Q3;93,09;93,09;93,09;93,09;93,09;93,07;93,07;93,07;93,07;93,02;93,02;93,02;93,02;93,01;93,01;93,02;93,02;93,01;93,01;93,01;93,01;93,04;93,03;93,03;93,04;92,82;92,82;92,87;92,87;92,90;92,90;92,90;92,90;92,88;92,88;92,88;92,88;89,67;89,65;89,65;89,65;89,57;89,57;89,57;89,57;89,62;89,62;89,62;89,62;89,56;89,56;89,56;89,56;89,58;89,58;89,58;89,60;85,09;85,09;85,02;85,02;84,99;84,99;84,99;84,99;85,06;85,06;85,06;85,06;85,01;85,03;85,04;85,04;85,03;85,03;85,03;85,03;85,03;84,16;84,16;84,11;84,11;84,11;84,11
1997-Q4;93,75;93,76;93,76;93,76;93,76;93,78;93,78;93,78;93,78;93,76;93,76;93,76;93,76;93,68;93,68;93,69;93,69;93,75;93,75;93,75;93,75;93,80;93,81;93,81;93,81;93,53;93,53;93,49;93,49;93,48;93,48;93,48;93,48;93,50;93,50;93,50;93,50;90,37;90,38;90,38;90,36;90,35;90,35;90,35;90,35;90,40;90,40;90,40;90,40;90,45;90,45;90,45;90,45;90,45;90,45;90,45;90,47;85,86;85,86;85,90;85,90;85,88;85,88;85,88;85,88;85,87;85,87;85,87;85,87;85,91;85,90;85,89;85,89;85,91;85,91;85,91;85,91;85,91;84,71;84,71;84,73;84,73;84,72;84,72
1998-Q1;94,34;94,33;94,33;94,33;94,33;94,39;94,39;94,39;94,39;94,36;94,36;94,36;94,36;94,35;94,35;94,36;94,36;94,34;94,34;94,34;94,34;94,35;94,35;94,35;94,35;93,93;93,93;93,91;93,91;93,97;93,97;93,97;93,97;93,95;93,95;93,95;93,95;90,85;90,83;90,83;90,85;90,81;90,81;90,81;90,81;90,86;90,86;90,86;90,86;90,87;90,87;90,87;90,87;90,82;90,82;90,82;90,76;86,03;86,03;86,07;86,07;86,04;86,04;86,04;86,04;86,09;86,09;86,09;86,09;86,10;86,10;86,10;86,10;86,10;86,10;86,10;86,10;86,10;85,15;85,15;85,14;85,14;85,16;85,16
1998-Q2;94,16;94,16;94,16;94,16;94,14;94,16;94,16;94,16;94,16;94,28;94,28;94,28;94,28;94,20;94,20;94,17;94,17;94,18;94,18;94,18;94,18;94,12;94,12;94,12;94,13;93,43;93,43;93,43;93,43;93,41;93,41;93,41;93,41;93,41;93,41;93,41;93,41;90,36;90,38;90,38;90,39;90,37;90,37;90,37;90,37;90,36;90,36;90,36;90,36;90,39;90,39;90,39;90,38;90,39;90,40;90,40;90,42;85,88;85,88;85,88;85,88;85,85;85,85;85,85;85,85;85,79;85,79;85,79;85,79;85,81;85,80;85,79;85,79;85,80;85,80;85,80;85,80;85,80;84,87;84,87;84,89;84,89;84,88;84,88
1998-Q3;95,01;95,02;95,02;95,02;95,02;95,00;95,00;95,00;95,00;94,93;94,93;94,93;94,93;94,93;94,93;94,94;94,94;94,94;94,94;94,94;94,94;94,96;94,95;94,95;94,96;94,35;94,35;94,41;94,41;94,44;94,44;94,44;94,44;94,42;94,42;94,42;94,42;91,17;91,17;91,17;91,18;91,15;91,15;91,15;91,15;91,23;91,23;91,23;91,23;91,14;91,14;91,14;91,14;91,16;91,16;91,16;91,18;86,83;86,83;86,72;86,72;86,70;86,70;86,70;86,70;86,77;86,77;86,77;86,77;86,72;86,74;86,76;86,76;86,74;86,74;86,74;86,74;86,74;85,59;85,59;85,53;85,53;85,53;85,53
1998-Q4;95,83;95,84;95,84;95,84;95,85;95,87;95,87;95,87;95,87;95,86;95,86;95,86;95,86;95,88;95,88;95,89;95,89;95,95;95,95;95,95;95,95;95,98;95,99;95,99;95,98;95,34;95,34;95,30;95,30;95,29;95,29;95,29;95,29;95,32;95,32;95,32;95,32;92,14;92,13;92,13;92,09;92,08;92,08;92,08;92,08;91,95;91,95;91,95;91,95;92,02;92,02;92,02;92,02;92,05;92,05;92,05;92,06;87,34;87,34;87,41;87,41;87,38;87,38;87,38;87,38;87,35;87,35;87,35;87,35;87,39;87,38;87,38;87,38;87,39;87,39;87,39;87,39;87,39;86,29;86,29;86,32;86,32;86,33;86,33
1999-Q1;97,21;97,19;97,19;97,19;97,20;97,27;97,27;97,27;97,27;97,26;97,26;97,26;97,26;97,10;97,10;97,11;97,11;97,09;97,09;97,09;97,09;97,10;97,10;97,10;97,09;95,97;95,97;95,96;95,96;96,01;96,01;96,01;96,01;96,00;96,00;96,00;96,00;92,99;92,98;92,98;93,01;92,99;92,99;92,99;92,99;93,04;93,04;93,04;93,04;93,07;93,07;93,07;93,07;93,00;93,00;93,00;92,95;88,28;88,28;88,33;88,33;88,30;88,30;88,30;88,30;88,34;88,34;88,34;88,34;88,39;88,38;88,38;88,38;88,38;88,38;88,38;88,38;88,38;87,56;87,56;87,55;87,55;87,58;87,58
1999-Q2;96,71;96,70;96,70;96,70;96,68;96,68;96,68;96,68;96,68;96,81;96,81;96,81;96,81;97,09;97,09;97,07;97,07;97,07;97,07;97,07;97,07;97,00;97,01;97,01;97,00;95,92;95,92;95,91;95,91;95,90;95,90;95,90;95,90;95,90;95,90;95,90;95,90;92,91;92,94;92,94;92,95;92,89;92,89;92,89;92,89;92,88;92,88;92,88;92,88;92,90;92,90;92,90;92,90;92,90;92,90;92,90;92,91;88,71;88,71;88,68;88,68;88,65;88,65;88,65;88,65;88,60;88,60;88,60;88,60;88,61;88,60;88,59;88,59;88,60;88,60;88,61;88,61;88,61;87,93;87,93;87,96;87,96;87,95;87,95
1999-Q3;97,48;97,50;97,50;97,50;97,50;97,47;97,47;97,47;97,47;97,39;97,39;97,39;97,39;97,42;97,42;97,42;97,42;97,41;97,41;97,41;97,41;97,44;97,42;97,42;97,44;96,22;96,22;96,29;96,29;96,32;96,32;96,32;96,32;96,30;96,30;96,30;96,30;93,20;93,20;93,20;93,22;93,13;93,13;93,13;93,13;93,17;93,17;93,17;93,17;93,06;93,06;93,06;93,06;93,07;93,07;93,07;93,09;88,58;88,58;88,46;88,46;88,43;88,43;88,43;88,43;88,51;88,51;88,51;88,51;88,47;88,50;88,50;88,50;88,48;88,48;88,50;88,50;88,50;87,98;87,98;87,93;87,93;87,92;87,92
1999-Q4;98,76;98,77;98,77;98,77;98,78;98,82;98,82;98,82;98,82;98,78;98,78;98,78;98,78;98,79;98,79;98,80;98,80;98,88;98,88;98,88;98,88;98,90;98,92;98,92;98,91;97,82;97,82;97,78;97,78;97,59;97,59;97,59;97,59;97,62;97,62;97,62;97,62;94,46;94,43;94,43;94,37;94,33;94,33;94,33;94,33;94,20;94,20;94,20;94,20;94,28;94,28;94,28;94,28;94,27;94,26;94,27;94,27;89,05;89,05;89,14;89,14;89,13;89,13;89,13;89,13;89,07;89,07;89,07;89,07;89,12;89,11;89,12;89,12;89,13;89,13;89,12;89,12;89,12;88,95;88,95;88,97;88,97;88,98;88,98
2000-Q1;98,83;98,81;98,81;98,81;98,82;98,83;98,83;98,83;98,83;98,82;98,82;98,82;98,82;99,01;99,01;99,02;99,02;99,01;99,01;99,01;99,01;99,00;99,00;99,00;98,99;97,78;97,78;97,76;97,76;97,70;97,70;97,70;97,70;97,73;97,73;97,73;97,73;94,71;94,71;94,71;94,74;94,71;94,71;94,71;94,71;94,70;94,70;94,70;94,70;94,73;94,73;94,73;94,73;94,67;94,67;94,67;94,66;89,75;89,75;89,80;89,80;89,76;89,76;89,76;89,76;89,81;89,81;89,81;89,81;89,82;89,81;89,81;89,81;89,84;89,84;89,83;89,83;89,83;89,56;89,56;89,55;89,55;89,58;89,58
2000-Q2;100,57;100,56;100,56;100,56;100,53;100,57;100,57;100,57;100,57;100,69;100,69;100,69;100,69;100,63;100,63;100,61;100,61;100,60;100,60;100,60;100,60;100,54;100,54;100,54;100,53;98,76;98,76;98,75;98,75;98,74;98,74;98,74;98,74;98,75;98,75;98,75;98,75;95,74;95,80;95,80;95,81;95,78;95,78;95,78;95,78;95,71;95,71;95,71;95,71;95,75;95,75;95,75;95,75;95,73;95,74;95,75;95,76;90,74;90,74;90,71;90,71;90,69;90,69;90,69;90,69;90,62;90,62;90,62;90,62;90,65;90,65;90,64;90,64;90,64;90,64;90,65;90,65;90,65;90,36;90,36;90,38;90,38;90,37;90,37
2000-Q3;100,56;100,60;100,60;100,60;100,58;100,52;100,52;100,52;100,52;100,45;100,45;100,45;100,45;100,40;100,40;100,39;100,39;100,38;100,38;100,38;100,38;100,43;100,40;100,40;100,42;99,00;99,00;99,04;99,04;99,07;99,07;99,07;99,07;99,06;99,06;99,06;99,06;95,84;95,86;95,86;95,87;95,83;95,83;95,83;95,83;95,93;95,93;95,93;95,93;95,83;95,83;95,83;95,83;95,83;95,83;95,83;95,83;90,56;90,56;90,43;90,43;90,41;90,41;90,41;90,41;90,48;90,48;90,48;90,48;90,44;90,47;90,47;90,47;90,46;90,46;90,47;90,47;90,47;90,40;90,40;90,38;90,38;90,36;90,36
2000-Q4;100,01;100,01;100,01;100,01;100,05;99,99;99,99;99,99;99,99;99,94;99,94;99,94;99,94;100,02;100,02;100,03;100,03;100,08;100,08;100,08;100,08;100,11;100,14;100,14;100,13;98,41;98,41;98,39;98,39;98,43;98,43;98,43;98,43;98,45;98,45;98,45;98,45;95,40;95,32;95,32;95,28;95,29;95,29;95,29;95,29;95,16;95,16;95,16;95,16;95,20;95,20;95,20;95,20;95,31;95,31;95,31;95,32;89,80;89,80;89,92;89,92;89,90;89,90;89,90;89,90;89,84;89,84;89,84;89,84;89,83;89,82;89,83;89,83;89,83;89,83;89,82;89,82;89,82;90,26;90,26;90,28;90,28;90,28;90,28
2001-Q1;101,24;101,30;101,30;101,30;101,30;101,37;101,37;101,37;101,37;101,39;101,39;101,39;101,39;101,49;101,49;101,51;101,51;101,48;101,48;101,48;101,48;101,47;101,48;101,48;101,46;99,78;99,78;99,77;99,77;99,80;99,80;99,80;99,80;99,81;99,81;99,81;99,81;96,91;96,92;96,92;96,93;96,93;96,93;96,93;96,93;96,93;96,93;96,93;96,93;96,97;96,97;96,97;96,98;96,92;96,92;96,92;96,95;91,53;91,53;91,57;91,57;91,54;91,54;91,54;91,54;91,65;91,65;91,65;91,65;91,65;91,65;91,64;91,64;91,66;91,66;91,65;91,65;91,65;91,35;91,35;91,34;91,34;91,34;91,34
2001-Q2;102,14;102,24;102,24;102,24;102,21;102,26;102,26;102,26;102,26;102,35;102,35;102,35;102,35;102,29;102,29;102,28;102,28;102,24;102,24;102,24;102,24;102,18;102,19;102,19;102,18;100,08;100,08;100,07;100,07;100,08;100,08;100,08;100,08;100,07;100,07;100,07;100,07;97,10;97,15;97,15;97,16;97,13;97,13;97,13;97,13;97,06;97,06;97,06;97,06;97,10;97,10;97,10;97,10;97,10;97,10;97,10;97,10;91,34;91,34;91,29;91,29;91,26;91,26;91,26;91,26;91,21;91,21;91,21;91,21;91,22;91,22;91,21;91,21;91,22;91,22;91,22;91,22;91,22;90,66;90,66;90,67;90,67;90,66;90,66
2001-Q3;102,53;102,67;102,67;102,67;102,63;102,52;102,52;102,52;102,52;102,49;102,49;102,49;102,49;102,47;102,47;102,44;102,44;102,42;102,42;102,42;102,42;102,49;102,44;102,44;102,48;100,07;100,07;100,10;100,10;100,13;100,13;100,13;100,13;100,11;100,11;100,11;100,11;97,33;97,32;97,32;97,33;97,28;97,28;97,28;97,28;97,32;97,32;97,32;97,32;97,25;97,25;97,25;97,24;97,24;97,25;97,25;97,23;91,44;91,44;91,32;91,32;91,30;91,30;91,30;91,30;91,35;91,35;91,35;91,35;91,33;91,35;91,35;91,35;91,34;91,34;91,34;91,34;91,34;91,06;91,06;91,05;91,05;91,06;91,06
2001-Q4;101,48;101,49;101,49;101,49;101,56;101,51;101,51;101,51;101,51;101,44;101,44;101,44;101,44;101,52;101,52;101,54;101,54;101,62;101,62;101,62;101,62;101,65;101,68;101,68;101,67;99,45;99,45;99,44;99,44;99,47;99,47;99,47;99,47;99,49;99,49;99,49;99,49;96,78;96,71;96,71;96,68;96,66;96,66;96,66;96,66;96,59;96,59;96,59;96,59;96,60;96,60;96,60;96,60;96,71;96,72;96,73;96,71;91,13;91,13;91,25;91,25;91,24;91,24;91,24;91,24;91,17;91,17;91,17;91,17;91,16;91,15;91,16;91,16;91,16;91,16;91,16;91,16;91,16;91,37;91,37;91,37;91,37;91,37;91,37
2002-Q1;100,91;100,90;100,90;100,90;100,89;100,72;100,72;100,72;100,72;100,76;100,76;100,76;100,76;100,76;100,76;100,77;100,77;100,74;100,74;100,74;100,74;100,74;100,75;100,75;100,73;99,11;99,11;99,10;99,10;99,13;99,13;99,13;99,13;99,13;99,13;99,13;99,13;95,99;96,01;96,01;96,02;95,98;95,98;95,98;95,98;95,95;95,95;95,95;95,95;96,00;96,00;96,00;96,00;95,98;95,99;95,99;96,04;90,06;90,06;90,09;90,09;90,07;90,07;90,07;90,07;90,15;90,15;90,15;90,15;90,19;90,18;90,17;90,17;90,18;90,18;90,18;90,18;90,18;90,69;90,69;90,69;90,69;90,70;90,70
2002-Q2;101,13;101,20;101,20;101,20;101,16;101,00;101,00;101,00;101,00;101,06;101,06;101,06;101,06;101,13;101,13;101,12;101,12;101,06;101,06;101,06;101,06;101,01;101,01;101,01;101,00;98,97;98,97;98,97;98,97;98,98;98,98;98,98;98,98;98,99;98,99;98,99;98,99;95,94;95,99;95,99;96,00;95,93;95,93;95,93;95,93;95,87;95,87;95,87;95,87;95,88;95,88;95,88;95,88;95,83;95,83;95,83;95,82;89,55;89,55;89,50;89,50;89,48;89,48;89,48;89,48;89,44;89,44;89,44;89,44;89,43;89,43;89,42;89,42;89,42;89,42;89,42;89,42;89,42;90,02;90,02;90,03;90,03;90,03;90,03
2002-Q3;101,92;101,97;101,97;101,97;101,91;101,56;101,56;101,56;101,56;101,55;101,55;101,55;101,55;101,47;101,47;101,44;101,44;101,41;101,41;101,41;101,41;101,45;101,41;101,41;101,45;99,20;99,20;99,20;99,20;99,20;99,20;99,20;99,20;99,21;99,21;99,21;99,21;96,29;96,29;96,29;96,29;96,33;96,33;96,33;96,33;96,37;96,37;96,37;96,37;96,36;96,36;96,36;96,36;96,36;96,36;96,35;96,32;90,26;90,26;90,16;90,16;90,14;90,14;90,14;90,14;90,17;90,17;90,17;90,17;90,17;90,18;90,19;90,19;90,18;90,18;90,18;90,18;90,18;90,71;90,71;90,70;90,70;90,70;90,70
2002-Q4;101,73;101,54;101,54;101,54;101,65;101,30;101,30;101,30;101,30;101,19;101,19;101,19;101,19;101,24;101,24;101,27;101,27;101,40;101,40;101,40;101,40;101,42;101,45;101,45;101,44;99,77;99,77;99,77;99,77;99,82;99,82;99,82;99,82;99,81;99,81;99,81;99,81;96,82;96,75;96,75;96,75;96,80;96,80;96,80;96,80;96,90;96,90;96,90;96,90;96,87;96,87;96,87;96,87;96,97;96,97;96,97;96,96;90,67;90,67;90,78;90,78;90,76;90,76;90,76;90,76;90,70;90,70;90,70;90,70;90,69;90,69;90,68;90,68;90,69;90,69;90,69;90,69;90,69;91,09;91,09;91,09;91,09;91,09;91,09
2003-Q1;101,69;101,40;101,40;101,40;101,39;100,77;100,77;100,77;100,77;101,00;101,00;101,00;101,00;101,15;101,15;101,17;101,17;101,12;101,12;101,12;101,12;101,13;101,13;101,13;101,12;99,79;99,79;99,79;99,79;99,85;99,85;99,85;99,85;99,83;99,83;99,83;99,83;96,44;96,46;96,46;96,46;96,48;96,48;96,48;96,48;96,44;96,44;96,44;96,44;96,45;96,45;96,45;96,46;96,42;96,42;96,42;96,45;90,28;90,28;90,30;90,30;90,27;90,27;90,27;90,27;90,36;90,36;90,36;90,36;90,37;90,37;90,35;90,35;90,37;90,37;90,37;90,37;90,37;90,97;90,97;90,98;90,98;90,98;90,98
2003-Q2;102,03;101,89;101,89;101,89;101,83;101,38;101,38;101,38;101,38;101,69;101,69;101,69;101,69;101,56;101,56;101,56;101,56;101,47;101,47;101,47;101,47;101,43;101,44;101,44;101,43;99,64;99,64;99,64;99,64;99,64;99,64;99,64;99,64;99,63;99,63;99,63;99,63;96,37;96,40;96,40;96,40;96,41;96,41;96,41;96,41;96,45;96,45;96,45;96,45;96,44;96,44;96,44;96,44;96,44;96,44;96,43;96,42;90,36;90,36;90,33;90,33;90,31;90,31;90,31;90,31;90,26;90,26;90,26;90,26;90,27;90,27;90,25;90,25;90,26;90,26;90,26;90,26;90,26;91,01;91,01;91,01;91,01;91,01;91,01
2003-Q3;101,74;101,64;101,64;101,64;101,57;101,18;101,18;101,18;101,18;101,60;101,60;101,60;101,60;101,48;101,48;101,43;101,43;101,39;101,39;101,39;101,39;101,44;101,40;101,40;101,44;99,36;99,36;99,36;99,36;99,35;99,35;99,35;99,35;99,37;99,37;99,37;99,37;96,39;96,36;96,36;96,36;96,37;96,37;96,37;96,37;96,42;96,42;96,42;96,42;96,43;96,43;96,43;96,43;96,42;96,42;96,42;96,40;90,77;90,77;90,69;90,69;90,67;90,67;90,67;90,67;90,68;90,68;90,68;90,68;90,68;90,68;90,71;90,71;90,69;90,69;90,69;90,69;90,69;91,63;91,63;91,63;91,63;91,63;91,63
2003-Q4;101,45;101,21;101,21;101,21;101,35;100,93;100,93;100,93;100,93;100,90;100,90;100,90;100,90;100,85;100,85;100,88;100,88;101,13;101,13;101,13;101,13;101,13;101,16;101,16;101,14;99,50;99,50;99,49;99,49;99,51;99,51;99,51;99,51;99,52;99,52;99,52;99,52;96,30;96,29;96,29;96,29;96,28;96,28;96,28;96,28;96,37;96,37;96,37;96,37;96,36;96,36;96,36;96,35;96,38;96,38;96,39;96,39;90,70;90,70;90,79;90,79;90,76;90,76;90,76;90,76;90,72;90,72;90,72;90,72;90,73;90,73;90,73;90,73;90,73;90,73;90,73;90,73;90,73;91,64;91,64;91,64;91,64;91,63;91,63
2004-Q1;101,27;101,69;101,69;101,69;101,67;100,68;100,68;100,68;100,68;101,02;101,02;101,02;101,02;101,13;101,13;101,15;101,15;101,07;101,07;101,07;101,07;101,10;101,09;101,09;101,08;99,71;99,71;99,72;99,72;99,65;99,65;99,65;99,65;99,69;99,69;99,69;99,69;96,91;96,93;96,93;96,93;96,88;96,88;96,88;96,88;96,92;96,92;96,92;96,92;96,93;96,93;96,93;96,93;96,88;96,88;96,88;96,90;90,73;90,73;90,74;90,74;90,71;90,71;90,71;90,71;90,73;90,73;90,73;90,73;90,75;90,75;90,74;90,74;90,75;90,75;90,76;90,76;90,76;91,69;91,69;91,69;91,69;91,69;91,69
2004-Q2;100,99;101,46;101,46;101,46;101,39;100,50;100,50;100,50;100,50;101,00;101,00;101,00;101,00;100,98;100,98;100,99;100,99;100,86;100,86;100,86;100,86;100,80;100,84;100,84;100,82;99,51;99,51;99,51;99,51;99,50;99,50;99,50;99,50;99,50;99,50;99,50;99,50;96,70;96,72;96,72;96,72;96,69;96,69;96,69;96,69;96,67;96,67;96,67;96,67;96,65;96,65;96,65;96,65;96,65;96,65;96,65;96,65;90,73;90,73;90,72;90,72;90,69;90,69;90,69;90,69;90,65;90,65;90,65;90,65;90,64;90,64;90,63;90,63;90,64;90,64;90,64;90,64;90,64;91,57;91,57;91,56;91,56;91,57;91,57
2004-Q3;101,29;101,51;101,51;101,51;101,42;100,57;100,57;100,57;100,57;100,97;100,97;100,97;100,97;100,78;100,78;100,72;100,72;100,68;100,68;100,68;100,68;100,74;100,67;100,67;100,73;99,55;99,55;99,54;99,54;99,53;99,53;99,53;99,53;99,53;99,53;99,53;99,53;96,58;96,53;96,53;96,54;96,53;96,53;96,53;96,53;96,49;96,49;96,49;96,49;96,53;96,53;96,53;96,53;96,52;96,52;96,52;96,51;90,53;90,53;90,49;90,49;90,46;90,46;90,46;90,46;90,47;90,47;90,47;90,47;90,48;90,48;90,51;90,51;90,49;90,49;90,49;90,49;90,49;91,29;91,29;91,29;91,29;91,30;91,30
2004-Q4;101,57;102,29;102,29;102,29;102,46;101,36;101,36;101,36;101,36;101,47;101,47;101,47;101,47;101,47;101,47;101,51;101,51;101,81;101,81;101,81;101,81;101,78;101,82;101,82;101,79;100,06;100,06;100,06;100,06;99,91;99,91;99,91;99,91;99,92;99,92;99,92;99,92;97,29;97,29;97,29;97,29;97,24;97,24;97,24;97,24;97,18;97,18;97,18;97,18;97,18;97,18;97,18;97,18;97,15;97,15;97,15;97,15;91,13;91,13;91,18;91,18;91,17;91,17;91,17;91,17;91,15;91,15;91,15;91,15;91,18;91,18;91,18;91,18;91,19;91,19;91,19;91,19;91,19;91,77;91,77;91,78;91,78;91,79;91,79
2005-Q1;101,39;101,77;101,85;101,87;102,05;100,92;100,92;100,92;100,92;101,16;101,16;101,16;101,16;101,15;101,15;101,18;101,18;101,32;101,32;101,32;101,32;101,40;101,37;101,37;101,36;99,59;99,59;99,59;99,59;99,66;99,66;99,66;99,66;99,65;99,65;99,65;99,65;97,16;97,19;97,19;97,19;97,23;97,23;97,23;97,23;97,24;97,24;97,24;97,24;97,25;97,25;97,25;97,25;97,24;97,24;97,24;97,25;91,55;91,55;91,56;91,56;91,54;91,54;91,54;91,54;91,57;91,57;91,57;91,57;91,60;91,60;91,59;91,59;91,59;91,59;91,59;91,59;91,59;92,32;92,32;92,32;92,32;92,32;92,32
2005-Q2;;101,49;101,71;101,89;102,09;100,96;100,96;100,96;100,96;101,10;101,10;101,10;101,10;101,29;101,29;101,30;101,30;101,34;101,34;101,34;101,34;101,22;101,30;101,30;101,27;99,89;99,89;99,89;99,89;99,87;99,87;99,87;99,87;99,87;99,87;99,87;99,87;97,25;97,26;97,26;97,26;97,24;97,24;97,24;97,24;97,26;97,26;97,26;97,26;97,23;97,23;97,23;97,22;97,23;97,23;97,22;97,22;91,51;91,51;91,51;91,51;91,49;91,49;91,49;91,49;91,46;91,46;91,46;91,46;91,44;91,44;91,43;91,43;91,47;91,47;91,46;91,46;91,46;92,64;92,64;92,63;92,63;92,62;92,62
2005-Q3;;;101,53;102,23;102,39;101,55;101,55;101,55;101,55;101,73;101,73;101,73;101,73;101,70;101,70;101,63;101,63;101,85;101,85;101,85;101,85;101,91;101,82;101,82;101,90;100,16;100,16;100,16;100,16;100,14;100,14;100,14;100,14;100,15;100,15;100,15;100,15;97,49;97,41;97,41;97,41;97,39;97,39;97,39;97,39;97,38;97,38;97,38;97,38;97,41;97,41;97,41;97,41;97,41;97,41;97,41;97,40;91,53;91,53;91,50;91,50;91,47;91,47;91,47;91,47;91,46;91,46;91,46;91,46;91,48;91,48;91,50;91,50;91,49;91,49;91,48;91,48;91,48;92,62;92,62;92,62;92,62;92,62;92,62
2005-Q4;;;;101,61;101,87;100,78;100,78;100,78;100,78;101,00;101,00;101,00;101,00;101,14;101,14;101,19;101,19;101,58;101,58;101,58;101,58;101,55;101,59;101,59;101,55;100,02;100,02;100,03;100,03;100,06;100,06;100,06;100,06;100,07;100,07;100,07;100,07;97,50;97,56;97,56;97,56;97,56;97,56;97,56;97,56;97,51;97,51;97,51;97,51;97,51;97,51;97,51;97,51;97,50;97,50;97,51;97,50;91,83;91,83;91,86;91,86;91,81;91,81;91,81;91,81;91,82;91,82;91,82;91,82;91,85;91,85;91,84;91,84;91,84;91,84;91,84;91,84;91,84;92,57;92,57;92,58;92,58;92,57;92,57
2006-Q1;;;;;102,51;101,88;101,80;101,61;101,61;101,85;101,85;101,85;101,85;101,80;101,80;101,82;101,82;102,15;102,15;102,15;102,15;102,32;102,28;102,28;102,27;100,80;100,80;100,81;100,81;100,87;100,87;100,87;100,87;100,88;100,88;100,88;100,88;98,25;98,27;98,27;98,27;98,22;98,22;98,22;98,22;98,23;98,23;98,23;98,23;98,22;98,22;98,22;98,23;98,21;98,21;98,21;98,23;92,24;92,24;92,25;92,25;92,22;92,22;92,22;92,22;92,24;92,24;92,24;92,24;92,26;92,26;92,26;92,26;92,27;92,27;92,28;92,28;92,28;93,40;93,40;93,40;93,40;93,40;93,40
2006-Q2;;;;;;101,52;101,64;101,50;101,50;102,03;102,03;102,03;102,03;102,22;102,22;102,22;102,22;102,46;102,46;102,46;102,46;102,45;102,56;102,56;102,52;101,25;101,25;101,24;101,24;101,22;101,22;101,22;101,22;101,20;101,20;101,20;101,20;98,60;98,59;98,59;98,59;98,61;98,61;98,61;98,61;98,59;98,59;98,59;98,59;98,58;98,58;98,58;98,58;98,57;98,57;98,57;98,57;92,66;92,66;92,66;92,66;92,62;92,62;92,62;92,62;92,60;92,60;92,60;92,60;92,59;92,60;92,58;92,58;92,60;92,60;92,59;92,59;92,59;93,84;93,84;93,84;93,84;93,85;93,85
2006-Q3;;;;;;;102,33;102,26;102,26;102,39;102,39;102,39;102,39;102,30;102,30;102,22;102,22;102,74;102,74;102,74;102,74;102,89;102,76;102,76;102,89;101,19;101,19;101,19;101,19;101,17;101,17;101,17;101,17;101,17;101,17;101,17;101,17;98,66;98,56;98,56;98,57;98,56;98,56;98,56;98,56;98,59;98,59;98,59;98,59;98,60;98,60;98,60;98,60;98,62;98,62;98,62;98,60;92,73;92,73;92,71;92,71;92,68;92,68;92,68;92,68;92,69;92,69;92,69;92,69;92,69;92,70;92,71;92,71;92,70;92,70;92,70;92,70;92,70;93,82;93,82;93,84;93,84;93,84;93,84
2006-Q4;;;;;;;;102,59;102,59;103,24;103,24;103,24;103,24;103,74;103,74;103,80;103,80;104,25;104,25;104,25;104,25;104,34;104,40;104,40;104,34;102,67;102,67;102,67;102,67;102,72;102,72;102,72;102,72;102,74;102,74;102,74;102,74;100,13;100,22;100,22;100,21;100,15;100,15;100,15;100,15;100,09;100,09;100,09;100,09;100,11;100,11;100,11;100,11;100,26;100,27;100,27;100,27;94,21;94,21;94,22;94,22;94,20;94,20;94,20;94,20;94,22;94,22;94,22;94,22;94,20;94,20;94,21;94,21;94,20;94,20;94,20;94,20;94,20;94,81;94,81;94,81;94,81;94,81;94,81
2007-Q1;;;;;;;;;101,15;101,39;101,21;101,35;101,35;101,52;101,52;101,55;101,55;101,87;101,87;101,87;101,87;102,22;102,17;102,17;102,16;100,34;100,34;100,36;100,36;100,43;100,43;100,43;100,43;100,45;100,45;100,45;100,45;98,15;98,17;98,17;98,17;98,19;98,19;98,19;98,19;98,17;98,17;98,17;98,17;98,17;98,17;98,17;98,17;98,17;98,17;98,17;98,19;91,79;91,79;91,79;91,79;91,77;91,77;91,77;91,77;91,78;91,78;91,78;91,78;91,81;91,81;91,83;91,83;91,82;91,82;91,83;91,83;91,83;93,45;93,45;93,45;93,45;93,45;93,45
2007-Q2;;;;;;;;;;102,02;102,00;102,12;102,12;102,26;102,26;102,26;102,26;102,63;102,63;102,63;102,63;102,67;102,80;102,80;102,75;101,49;101,49;101,47;101,47;101,44;101,44;101,44;101,44;101,42;101,42;101,42;101,42;99,00;98,98;98,98;98,97;99,03;99,03;99,03;99,03;99,03;99,03;99,03;99,03;99,02;99,02;99,02;99,02;99,02;99,03;99,03;99,03;92,92;92,92;92,93;92,93;92,90;92,90;92,90;92,90;92,90;92,90;92,90;92,90;92,88;92,87;92,86;92,86;92,88;92,88;92,87;92,87;92,87;94,11;94,11;94,10;94,10;94,10;94,10
2007-Q3;;;;;;;;;;;102,55;102,46;102,46;102,59;102,59;102,49;102,49;103,07;103,07;103,07;103,07;103,36;103,22;103,22;103,34;101,78;101,78;101,77;101,77;101,75;101,75;101,75;101,75;101,73;101,73;101,73;101,73;99,30;99,18;99,18;99,18;99,22;99,22;99,22;99,22;99,20;99,20;99,20;99,20;99,21;99,21;99,21;99,21;99,23;99,23;99,23;99,21;93,15;93,15;93,15;93,15;93,12;93,12;93,12;93,12;93,12;93,12;93,12;93,12;93,13;93,13;93,13;93,13;93,11;93,11;93,12;93,12;93,12;93,99;93,99;94,01;94,01;94,02;94,02
2007-Q4;;;;;;;;;;;;101,66;101,66;102,39;102,39;102,46;102,46;102,81;102,81;102,81;102,81;102,99;103,05;103,05;102,98;101,63;101,63;101,62;101,62;101,68;101,68;101,68;101,68;101,70;101,70;101,70;101,70;99,06;99,18;99,18;99,17;99,20;99,20;99,20;99,20;99,19;99,19;99,19;99,19;99,22;99,22;99,22;99,22;99,34;99,34;99,34;99,34;93,15;93,15;93,16;93,16;93,13;93,13;93,13;93,13;93,16;93,16;93,16;93,16;93,14;93,14;93,14;93,14;93,13;93,13;93,13;93,13;93,13;93,91;93,91;93,90;93,90;93,90;93,90
2008-Q1;;;;;;;;;;;;;101,98;102,02;102,12;102,21;102,40;103,25;103,25;103,25;103,25;103,84;103,79;103,79;103,77;101,73;101,73;101,77;101,77;101,86;101,86;101,86;101,86;101,91;101,91;101,91;101,91;99,30;99,31;99,31;99,30;99,34;99,34;99,34;99,34;99,35;99,35;99,35;99,35;99,36;99,36;99,36;99,35;99,35;99,35;99,35;99,38;92,72;92,72;92,73;92,73;92,71;92,71;92,71;92,71;92,68;92,68;92,68;92,68;92,71;92,71;92,73;92,73;92,72;92,72;92,73;92,73;92,73;94,16;94,16;94,15;94,15;94,15;94,15
2008-Q2;;;;;;;;;;;;;;101,34;101,50;101,60;101,87;102,62;102,62;102,62;102,62;102,91;103,05;103,05;102,99;101,86;101,86;101,85;101,85;101,95;101,95;101,95;101,95;101,93;101,93;101,93;101,93;99,29;99,27;99,27;99,26;99,41;99,41;99,41;99,41;99,35;99,35;99,35;99,35;99,31;99,31;99,31;99,30;99,31;99,31;99,31;99,30;92,93;92,93;92,93;92,93;92,90;92,90;92,90;92,90;92,89;92,89;92,89;92,89;92,87;92,87;92,86;92,86;92,88;92,88;92,87;92,87;92,87;93,79;93,79;93,78;93,78;93,78;93,78
2008-Q3;;;;;;;;;;;;;;;101,76;101,90;102,12;102,96;102,96;102,96;102,96;103,61;103,47;103,47;103,62;102,01;102,01;101,98;101,98;102,09;102,09;102,09;102,09;102,07;102,07;102,07;102,07;99,36;99,29;99,29;99,29;99,40;99,40;99,40;99,40;99,43;99,43;99,43;99,43;99,45;99,45;99,45;99,45;99,47;99,47;99,47;99,46;92,99;92,99;92,99;92,99;92,97;92,97;92,97;92,97;92,97;92,97;92,97;92,97;92,97;92,97;92,95;92,95;92,95;92,95;92,97;92,97;92,97;93,82;93,82;93,84;93,84;93,84;93,84
2008-Q4;;;;;;;;;;;;;;;;101,80;101,85;102,52;102,52;102,52;102,52;103,33;103,38;103,38;103,30;101,66;101,66;101,66;101,66;101,98;101,98;101,98;101,98;102,03;102,03;102,03;102,03;99,18;99,28;99,28;99,28;99,41;99,41;99,41;99,41;99,50;99,50;99,50;99,50;99,51;99,51;99,51;99,52;99,39;99,39;99,39;99,39;93,06;93,06;93,06;93,06;93,02;93,02;93,02;93,02;93,04;93,04;93,04;93,04;93,04;93,05;93,05;93,05;93,04;93,04;93,04;93,04;93,04;93,32;93,32;93,32;93,32;93,31;93,31
2009-Q1;;;;;;;;;;;;;;;;;102,32;103,17;103,41;103,30;102,97;103,64;103,58;103,58;103,55;101,90;101,90;101,95;101,95;102,51;102,51;102,51;102,51;102,56;102,56;102,56;102,56;99,84;99,85;99,85;99,83;100,07;100,07;100,07;100,07;100,12;100,12;100,12;100,12;100,09;100,09;100,09;100,09;100,09;100,09;100,08;100,09;93,81;93,81;93,81;93,81;93,78;93,78;93,78;93,78;93,80;93,80;93,80;93,80;93,82;93,82;93,85;93,85;93,86;93,86;93,86;93,86;93,86;94,07;94,07;94,08;94,08;94,06;94,06
2009-Q2;;;;;;;;;;;;;;;;;;103,90;104,03;104,18;103,82;103,97;104,13;104,13;104,08;102,38;102,38;102,38;102,38;102,70;102,70;102,70;102,70;102,69;102,69;102,69;102,69;99,95;99,91;99,91;99,92;100,25;100,25;100,25;100,25;100,23;100,23;100,23;100,23;100,19;100,19;100,19;100,19;100,20;100,20;100,19;100,18;93,38;93,38;93,38;93,38;93,36;93,36;93,36;93,36;93,35;93,35;93,35;93,35;93,34;93,34;93,33;93,33;93,35;93,35;93,33;93,33;93,33;94,44;94,44;94,42;94,42;94,42;94,42
2009-Q3;;;;;;;;;;;;;;;;;;;103,11;103,14;102,42;102,98;102,83;102,83;102,98;101,69;101,69;101,63;101,63;101,83;101,83;101,83;101,83;101,89;101,89;101,89;101,89;98,79;98,76;98,76;98,77;98,97;98,97;98,97;98,97;98,97;98,97;98,97;98,97;99,04;99,04;99,04;99,05;99,04;99,04;99,05;99,04;92,45;92,45;92,45;92,45;92,43;92,43;92,43;92,43;92,44;92,44;92,44;92,44;92,44;92,44;92,41;92,41;92,41;92,41;92,44;92,44;92,44;94,08;94,08;94,11;94,11;94,12;94,12
2009-Q4;;;;;;;;;;;;;;;;;;;;102,16;102,24;102,77;102,81;102,81;102,74;101,48;101,48;101,49;101,49;102,06;102,06;102,06;102,06;102,20;102,20;102,20;102,20;99,25;99,30;99,30;99,30;99,39;99,39;99,39;99,39;99,34;99,34;99,34;99,34;99,34;99,34;99,34;99,35;99,26;99,26;99,26;99,27;92,10;92,10;92,10;92,10;92,07;92,07;92,07;92,07;92,08;92,08;92,08;92,08;92,09;92,09;92,10;92,10;92,10;92,10;92,09;92,09;92,09;94,22;94,22;94,20;94,20;94,21;94,21
2010-Q1;;;;;;;;;;;;;;;;;;;;;101,40;102,65;103,01;103,06;102,86;101,43;101,43;101,49;101,49;102,25;102,25;102,25;102,25;102,38;102,38;102,38;102,38;99,35;99,38;99,38;99,33;99,24;99,24;99,24;99,24;99,28;99,28;99,28;99,28;99,27;99,27;99,27;99,26;99,24;99,24;99,24;99,23;92,53;92,53;92,54;92,54;92,52;92,52;92,52;92,52;92,52;92,52;92,52;92,52;92,55;92,56;92,59;92,59;92,58;92,58;92,58;92,58;92,58;93,62;93,62;93,64;93,64;93,62;93,62
2010-Q2;;;;;;;;;;;;;;;;;;;;;;103,23;103,61;103,52;103,59;102,29;102,29;102,31;102,31;103,02;103,02;103,02;103,02;103,15;103,15;103,15;103,15;99,81;99,80;99,80;99,80;99,94;99,94;99,94;99,94;99,89;99,89;99,89;99,89;99,84;99,84;99,84;99,84;99,84;99,84;99,83;99,84;93,51;93,51;93,50;93,50;93,47;93,47;93,47;93,47;93,49;93,49;93,49;93,49;93,45;93,45;93,44;93,44;93,46;93,46;93,45;93,45;93,45;94,52;94,52;94,51;94,51;94,52;94,52
2010-Q3;;;;;;;;;;;;;;;;;;;;;;;104,07;104,02;103,95;102,72;102,72;102,60;102,60;103,34;103,34;103,34;103,34;103,47;103,47;103,47;103,47;99,91;99,91;99,91;99,94;99,93;99,93;99,93;99,93;99,85;99,85;99,85;99,85;99,96;99,96;99,96;99,97;99,95;99,95;99,96;99,96;93,71;93,71;93,71;93,71;93,68;93,68;93,68;93,68;93,69;93,69;93,69;93,69;93,69;93,69;93,65;93,65;93,65;93,65;93,69;93,69;93,69;94,96;94,96;94,97;94,97;94,98;94,98
2010-Q4;;;;;;;;;;;;;;;;;;;;;;;;104,26;104,61;103,28;103,28;103,33;103,33;103,93;103,93;103,93;103,93;104,25;104,25;104,25;104,25;100,78;100,76;100,76;100,78;100,72;100,72;100,72;100,72;100,72;100,72;100,72;100,72;100,70;100,70;100,70;100,70;100,56;100,56;100,57;100,57;94,18;94,18;94,18;94,18;94,16;94,16;94,16;94,16;94,15;94,15;94,15;94,15;94,19;94,19;94,21;94,21;94,21;94,21;94,19;94,19;94,19;95,44;95,44;95,43;95,43;95,44;95,44
2011-Q1;;;;;;;;;;;;;;;;;;;;;;;;;105,02;103,66;103,81;103,90;103,70;104,67;104,67;104,67;104,67;105,55;105,55;105,55;105,55;102,16;102,21;102,21;102,13;101,12;101,12;101,12;101,12;101,16;101,16;101,16;101,16;101,12;101,12;101,12;101,12;101,12;101,12;101,11;101,11;94,73;94,73;94,73;94,73;94,71;94,71;94,71;94,71;94,74;94,74;94,74;94,74;94,73;94,74;94,76;94,76;94,77;94,77;94,76;94,76;94,76;95,20;95,20;95,23;95,23;95,19;95,19
2011-Q2;;;;;;;;;;;;;;;;;;;;;;;;;;102,98;103,19;103,16;103,07;104,13;104,13;104,13;104,13;104,73;104,73;104,73;104,73;101,42;101,44;101,44;101,45;100,60;100,60;100,60;100,60;100,53;100,53;100,53;100,53;100,50;100,50;100,50;100,49;100,49;100,50;100,49;100,49;94,60;94,60;94,59;94,59;94,55;94,55;94,55;94,55;94,56;94,56;94,56;94,56;94,54;94,54;94,53;94,53;94,56;94,56;94,54;94,54;94,54;95,62;95,62;95,60;95,60;95,61;95,61
2011-Q3;;;;;;;;;;;;;;;;;;;;;;;;;;;104,03;104,35;104,35;105,50;105,50;105,50;105,50;106,18;106,18;106,18;106,18;102,52;102,46;102,46;102,56;101,63;101,63;101,63;101,63;101,57;101,57;101,57;101,57;101,69;101,69;101,69;101,69;101,63;101,63;101,66;101,66;95,64;95,64;95,64;95,64;95,62;95,62;95,62;95,62;95,62;95,62;95,62;95,62;95,63;95,63;95,59;95,59;95,59;95,59;95,62;95,62;95,62;95,97;95,97;95,97;95,97;95,99;95,99
2011-Q4;;;;;;;;;;;;;;;;;;;;;;;;;;;;104,14;104,14;105,19;105,19;105,19;105,19;106,28;106,28;106,28;106,28;102,84;102,84;102,84;102,80;101,78;101,78;101,78;101,78;101,82;101,82;101,82;101,82;101,79;101,79;101,79;101,79;101,75;101,74;101,73;101,73;95,94;95,94;95,95;95,95;95,91;95,91;95,91;95,91;95,90;95,90;95,90;95,90;95,94;95,94;95,96;95,96;95,95;95,95;95,94;95,94;95,94;96,27;96,27;96,25;96,25;96,25;96,25
2012-Q1;;;;;;;;;;;;;;;;;;;;;;;;;;;;;104,58;105,32;105,15;105,35;105,57;106,27;106,27;106,27;106,27;102,63;102,71;102,71;102,59;101,97;101,97;101,97;101,97;102,31;102,31;102,31;102,31;102,33;102,33;102,33;102,33;102,30;102,29;102,28;102,29;96,32;96,32;96,32;96,32;96,30;96,30;96,30;96,30;96,26;96,26;96,26;96,26;96,28;96,29;96,31;96,31;96,31;96,31;96,30;96,30;96,30;96,69;96,69;96,73;96,73;96,68;96,68
2012-Q2;;;;;;;;;;;;;;;;;;;;;;;;;;;;;;105,71;105,29;105,53;105,71;106,27;106,27;106,27;106,27;102,80;102,86;102,86;102,86;102,26;102,26;102,26;102,26;102,60;102,60;102,60;102,60;102,56;102,56;102,56;102,54;102,56;102,56;102,54;102,53;96,71;96,71;96,70;96,70;96,68;96,68;96,68;96,68;96,69;96,69;96,69;96,69;96,66;96,66;96,66;96,66;96,68;96,68;96,67;96,67;96,67;96,90;96,90;96,89;96,89;96,90;96,90
2012-Q3;;;;;;;;;;;;;;;;;;;;;;;;;;;;;;;105,65;105,53;105,78;106,57;106,57;106,57;106,57;103,03;102,84;102,84;103,04;102,44;102,44;102,44;102,44;102,73;102,73;102,73;102,73;102,85;102,85;102,85;102,86;102,79;102,79;102,84;102,83;96,85;96,85;96,84;96,84;96,81;96,81;96,81;96,81;96,81;96,81;96,81;96,81;96,82;96,82;96,78;96,78;96,78;96,78;96,80;96,80;96,80;97,19;97,19;97,18;97,18;97,21;97,21
2012-Q4;;;;;;;;;;;;;;;;;;;;;;;;;;;;;;;;105,61;105,42;106,63;106,63;106,63;106,63;102,98;103,05;103,05;102,96;102,23;102,23;102,23;102,23;102,77;102,77;102,77;102,77;102,71;102,71;102,71;102,72;102,97;102,97;102,96;102,96;96,92;96,92;96,94;96,94;96,91;96,91;96,91;96,91;96,93;96,93;96,93;96,93;96,92;96,91;96,92;96,92;96,92;96,92;96,91;96,91;96,91;96,78;96,78;96,75;96,75;96,75;96,75
2013-Q1;;;;;;;;;;;;;;;;;;;;;;;;;;;;;;;;;106,23;106,88;106,92;106,92;106,91;103,20;103,30;103,30;103,14;102,29;102,29;102,29;102,29;102,88;102,88;102,88;102,88;102,77;102,77;102,77;102,76;102,76;102,77;102,74;102,78;96,74;96,74;96,74;96,74;96,72;96,72;96,72;96,72;96,73;96,73;96,73;96,73;96,76;96,76;96,77;96,77;96,76;96,76;96,76;96,76;96,76;96,43;96,43;96,47;96,47;96,42;96,42
2013-Q2;;;;;;;;;;;;;;;;;;;;;;;;;;;;;;;;;;107,39;107,58;107,58;107,64;103,86;103,93;103,93;103,94;102,95;102,95;102,95;102,95;103,56;103,56;103,56;103,56;103,45;103,45;103,45;103,43;103,41;103,40;103,36;103,35;97,28;97,28;97,26;97,26;97,22;97,22;97,22;97,22;97,23;97,23;97,23;97,23;97,21;97,22;97,22;97,22;97,22;97,22;97,20;97,20;97,20;97,30;97,30;97,29;97,29;97,31;97,31
2013-Q3;;;;;;;;;;;;;;;;;;;;;;;;;;;;;;;;;;;107,69;107,79;107,98;104,55;104,21;104,21;104,53;103,62;103,62;103,62;103,62;104,00;104,00;104,00;104,00;104,08;104,08;104,08;104,09;103,96;103,96;104,03;104,01;97,52;97,52;97,50;97,50;97,48;97,48;97,48;97,48;97,49;97,49;97,49;97,49;97,48;97,49;97,46;97,46;97,48;97,48;97,49;97,49;97,49;97,66;97,66;97,65;97,65;97,68;97,68
2013-Q4;;;;;;;;;;;;;;;;;;;;;;;;;;;;;;;;;;;;107,71;107,66;103,74;103,90;103,90;103,73;103,19;103,19;103,19;103,19;103,68;103,68;103,68;103,68;103,34;103,34;103,34;103,36;103,64;103,64;103,64;103,64;97,26;97,26;97,28;97,28;97,26;97,26;97,26;97,26;97,27;97,27;97,27;97,27;97,25;97,25;97,27;97,27;97,26;97,26;97,25;97,25;97,25;97,02;97,02;97,00;97,00;97,00;97,00
2014-Q1;;;;;;;;;;;;;;;;;;;;;;;;;;;;;;;;;;;;;108,40;104,54;104,47;104,57;104,54;103,52;103,52;103,52;103,52;103,97;103,97;103,97;103,97;103,97;103,97;103,97;103,95;103,91;103,91;103,88;103,91;97,62;97,62;97,62;97,62;97,59;97,59;97,59;97,59;97,62;97,62;97,62;97,62;97,62;97,62;97,64;97,64;97,63;97,63;97,63;97,63;97,63;97,29;97,29;97,33;97,33;97,28;97,28
2014-Q2;;;;;;;;;;;;;;;;;;;;;;;;;;;;;;;;;;;;;;104,65;104,58;104,52;104,56;103,46;103,46;103,46;103,46;104,15;104,15;104,15;104,15;104,05;104,05;104,05;104,01;104,06;104,06;104,00;103,98;97,73;97,73;97,72;97,72;97,68;97,68;97,68;97,68;97,68;97,68;97,68;97,68;97,68;97,69;97,68;97,68;97,69;97,69;97,68;97,68;97,68;97,68;97,68;97,66;97,66;97,69;97,69
2014-Q3;;;;;;;;;;;;;;;;;;;;;;;;;;;;;;;;;;;;;;;105,34;105,31;105,28;104,13;104,13;104,13;104,13;104,59;104,59;104,59;104,59;104,68;104,68;104,68;104,69;104,79;104,79;104,85;104,83;98,51;98,51;98,50;98,50;98,48;98,48;98,48;98,48;98,49;98,49;98,49;98,49;98,48;98,48;98,46;98,46;98,46;98,46;98,47;98,47;98,47;98,41;98,41;98,41;98,41;98,45;98,45
2014-Q4;;;;;;;;;;;;;;;;;;;;;;;;;;;;;;;;;;;;;;;;106,10;106,02;105,13;105,13;105,13;105,13;105,39;105,39;105,39;105,39;105,24;105,24;105,24;105,28;105,40;105,40;105,42;105,42;99,05;99,05;99,08;99,08;99,08;99,08;99,08;99,08;99,06;99,06;99,06;99,06;99,10;99,09;99,10;99,10;99,08;99,08;99,09;99,09;99,09;98,99;98,99;98,96;98,96;98,93;98,93
2015-Q1;;;;;;;;;;;;;;;;;;;;;;;;;;;;;;;;;;;;;;;;;106,66;105,50;105,50;105,50;105,49;105,78;105,78;105,78;105,78;105,47;105,47;105,47;105,45;105,37;105,37;105,35;105,35;99,17;99,17;99,16;99,16;99,07;99,07;99,07;99,07;99,08;99,08;99,08;99,08;99,13;99,13;99,15;99,15;99,12;99,12;99,12;99,12;99,12;99,35;99,35;99,38;99,38;99,35;99,35
2015-Q2;;;;;;;;;;;;;;;;;;;;;;;;;;;;;;;;;;;;;;;;;;105,68;105,64;105,63;105,60;106,25;106,25;106,25;106,25;105,76;105,76;105,76;105,71;105,76;105,76;105,69;105,65;99,81;99,81;99,80;99,80;99,74;99,74;99,74;99,74;99,77;99,77;99,77;99,77;99,72;99,75;99,74;99,74;99,78;99,78;99,75;99,75;99,75;99,81;99,81;99,82;99,82;99,84;99,84
2015-Q3;;;;;;;;;;;;;;;;;;;;;;;;;;;;;;;;;;;;;;;;;;;106,25;106,31;106,42;106,84;106,84;106,84;106,84;106,40;106,40;106,40;106,40;106,47;106,47;106,52;106,53;100,45;100,45;100,43;100,43;100,45;100,45;100,45;100,45;100,45;100,45;100,45;100,45;100,43;100,42;100,40;100,40;100,41;100,41;100,42;100,42;100,42;100,40;100,40;100,41;100,41;100,45;100,45
2015-Q4;;;;;;;;;;;;;;;;;;;;;;;;;;;;;;;;;;;;;;;;;;;;106,59;106,87;107,22;107,22;107,22;107,22;107,02;107,02;107,02;107,08;107,11;107,11;107,16;107,18;100,62;100,62;100,66;100,66;100,76;100,76;100,76;100,76;100,75;100,75;100,75;100,75;100,77;100,75;100,77;100,77;100,76;100,76;100,78;100,78;100,78;101,34;101,34;101,29;101,29;101,27;101,27
2016-Q1;;;;;;;;;;;;;;;;;;;;;;;;;;;;;;;;;;;;;;;;;;;;;107,32;107,59;107,88;108,01;107,96;107,64;107,64;107,64;107,61;107,74;107,74;107,71;107,65;101,58;101,58;101,59;101,59;101,68;101,68;101,68;101,68;101,69;101,69;101,69;101,69;101,72;101,74;101,76;101,76;101,74;101,74;101,74;101,74;101,74;101,93;101,93;101,95;101,95;101,93;101,93
2016-Q2;;;;;;;;;;;;;;;;;;;;;;;;;;;;;;;;;;;;;;;;;;;;;;107,82;108,09;108,26;108,34;107,81;107,81;107,81;107,72;107,81;107,81;107,72;107,66;101,79;101,79;101,78;101,78;101,90;101,90;101,90;101,90;101,91;101,91;101,91;101,91;101,86;101,91;101,89;101,89;101,96;101,96;101,91;101,91;101,91;101,71;101,71;101,73;101,73;101,77;101,77
2016-Q3;;;;;;;;;;;;;;;;;;;;;;;;;;;;;;;;;;;;;;;;;;;;;;;108,52;108,53;108,87;108,22;108,22;108,22;108,22;108,16;108,16;108,22;108,24;102,23;102,23;102,18;102,18;102,41;102,41;102,41;102,41;102,40;102,40;102,40;102,40;102,39;102,37;102,32;102,32;102,33;102,33;102,35;102,35;102,35;102,18;102,18;102,20;102,20;102,25;102,25
2016-Q4;;;;;;;;;;;;;;;;;;;;;;;;;;;;;;;;;;;;;;;;;;;;;;;;108,90;109,04;108,90;108,90;108,90;109,02;108,87;108,87;108,95;109,04;102,65;102,65;102,70;102,70;102,95;102,95;102,95;102,95;102,92;102,92;102,92;102,92;102,98;102,95;103,00;103,00;102,95;102,95;102,99;102,99;102,99;103,16;103,16;103,10;103,10;103,04;103,04
2017-Q1;;;;;;;;;;;;;;;;;;;;;;;;;;;;;;;;;;;;;;;;;;;;;;;;;109,37;109,32;109,81;109,78;109,60;109,63;109,63;109,59;109,43;103,01;103,01;103,04;103,04;103,21;103,21;103,21;103,21;103,15;103,15;103,15;103,15;103,21;103,23;103,27;103,27;103,24;103,24;103,24;103,24;103,24;103,29;103,29;103,30;103,30;103,31;103,31
2017-Q2;;;;;;;;;;;;;;;;;;;;;;;;;;;;;;;;;;;;;;;;;;;;;;;;;;110,23;110,84;110,77;110,44;110,47;110,47;110,34;110,26;103,36;103,36;103,37;103,37;103,66;103,66;103,66;103,66;103,54;103,54;103,54;103,54;103,48;103,58;103,53;103,53;103,63;103,63;103,53;103,53;103,53;104,07;104,07;104,10;104,10;104,16;104,16
2017-Q3;;;;;;;;;;;;;;;;;;;;;;;;;;;;;;;;;;;;;;;;;;;;;;;;;;;110,69;110,55;110,49;110,55;110,55;110,64;110,70;103,96;103,96;103,87;103,87;104,34;104,34;104,34;104,34;104,23;104,23;104,23;104,23;104,19;104,13;104,03;104,03;104,06;104,06;104,10;104,10;104,10;103,97;103,97;104,01;104,01;104,06;104,06
2017-Q4;;;;;;;;;;;;;;;;;;;;;;;;;;;;;;;;;;;;;;;;;;;;;;;;;;;;110,56;110,56;110,78;110,79;110,88;111,06;104,63;104,63;104,69;104,69;105,12;105,12;105,12;105,12;105,04;105,04;105,04;105,04;105,09;105,02;105,13;105,13;105,04;105,04;105,09;105,09;105,09;105,15;105,15;105,07;105,07;104,95;104,95
2018-Q1;;;;;;;;;;;;;;;;;;;;;;;;;;;;;;;;;;;;;;;;;;;;;;;;;;;;;111,05;111,36;111,32;111,32;111,29;104,72;104,72;104,77;104,77;105,35;105,35;105,35;105,35;105,16;105,16;105,16;105,16;105,25;105,29;105,37;105,37;105,33;105,33;105,33;105,33;105,33;105,12;105,12;105,11;105,11;105,15;105,15
2018-Q2;;;;;;;;;;;;;;;;;;;;;;;;;;;;;;;;;;;;;;;;;;;;;;;;;;;;;;111,70;111,69;111,55;111,62;104,95;104,95;104,95;104,95;105,52;105,52;105,52;105,52;105,33;105,33;105,33;105,33;105,28;105,43;105,35;105,35;105,49;105,49;105,33;105,33;105,33;105,36;105,36;105,41;105,41;105,49;105,49
2018-Q3;;;;;;;;;;;;;;;;;;;;;;;;;;;;;;;;;;;;;;;;;;;;;;;;;;;;;;;111,40;111,21;111,46;104,99;104,99;104,85;104,85;105,47;105,47;105,47;105,47;105,28;105,28;105,28;105,28;105,25;105,16;104,98;104,98;105,02;105,02;105,10;105,10;105,10;105,26;105,26;105,31;105,31;105,38;105,38
2018-Q4;;;;;;;;;;;;;;;;;;;;;;;;;;;;;;;;;;;;;;;;;;;;;;;;;;;;;;;;111,45;111,75;105,44;105,44;105,53;105,53;106,26;106,26;106,26;106,26;106,02;106,02;106,02;106,02;106,28;106,19;106,37;106,37;106,23;106,23;106,30;106,30;106,30;106,65;106,65;106,55;106,55;106,35;106,35
2019-Q1;;;;;;;;;;;;;;;;;;;;;;;;;;;;;;;;;;;;;;;;;;;;;;;;;;;;;;;;;113,11;106,27;106,32;106,41;106,53;107,21;107,21;107,21;107,21;107,01;107,01;107,01;107,01;107,28;107,35;107,47;107,47;106,99;106,99;107,01;107,01;107,01;106,82;106,82;106,79;106,79;106,88;106,88
2019-Q2;;;;;;;;;;;;;;;;;;;;;;;;;;;;;;;;;;;;;;;;;;;;;;;;;;;;;;;;;;106,37;106,39;106,48;106,69;107,18;107,18;107,18;107,18;106,98;106,98;106,98;106,98;106,84;107,06;106,92;106,92;107,27;107,27;107,04;107,04;107,04;107,03;107,03;107,10;107,10;107,21;107,21
2019-Q3;;;;;;;;;;;;;;;;;;;;;;;;;;;;;;;;;;;;;;;;;;;;;;;;;;;;;;;;;;;106,85;106,97;106,91;107,47;107,47;107,47;107,47;107,26;107,26;107,26;107,26;107,32;107,16;106,92;106,92;107,19;107,19;107,31;107,31;107,31;107,59;107,59;107,66;107,66;107,76;107,76
2019-Q4;;;;;;;;;;;;;;;;;;;;;;;;;;;;;;;;;;;;;;;;;;;;;;;;;;;;;;;;;;;;106,99;106,93;107,53;107,53;107,53;107,53;107,34;107,34;107,34;107,34;107,70;107,58;107,85;107,85;107,51;107,51;107,61;107,61;107,61;108,14;108,14;108,03;108,03;107,73;107,73
2020-Q1;;;;;;;;;;;;;;;;;;;;;;;;;;;;;;;;;;;;;;;;;;;;;;;;;;;;;;;;;;;;;103,51;104,79;105,07;105,09;105,15;105,11;105,11;105,11;105,11;105,43;105,55;105,71;105,71;104,80;104,80;104,83;104,83;104,83;103,20;103,20;103,12;103,12;103,26;103,26
2020-Q2;;;;;;;;;;;;;;;;;;;;;;;;;;;;;;;;;;;;;;;;;;;;;;;;;;;;;;;;;;;;;;93,35;93,38;93,55;93,06;92,97;92,97;92,97;92,97;93,45;93,70;93,52;93,52;93,53;93,53;93,25;93,25;93,25;92,12;92,12;92,22;92,22;92,30;92,30
2020-Q3;;;;;;;;;;;;;;;;;;;;;;;;;;;;;;;;;;;;;;;;;;;;;;;;;;;;;;;;;;;;;;;103,48;103,61;103,51;103,62;103,62;103,62;103,62;103,77;103,55;103,23;103,23;103,30;103,30;103,44;103,44;103,44;102,73;102,73;102,81;102,81;102,95;102,95
2020-Q4;;;;;;;;;;;;;;;;;;;;;;;;;;;;;;;;;;;;;;;;;;;;;;;;;;;;;;;;;;;;;;;;100,16;101,18;100,82;100,82;100,82;100,82;101,29;101,15;101,49;101,49;101,29;101,29;101,39;101,39;101,39;101,36;101,36;101,24;101,24;100,89;100,89
2021-Q1;;;;;;;;;;;;;;;;;;;;;;;;;;;;;;;;;;;;;;;;;;;;;;;;;;;;;;;;;;;;;;;;;95,76;95,58;95,48;95,57;95,37;96,38;96,53;96,74;96,74;97,44;97,44;97,50;97,50;97,50;97,34;97,34;97,23;97,23;97,31;97,31
2021-Q2;;;;;;;;;;;;;;;;;;;;;;;;;;;;;;;;;;;;;;;;;;;;;;;;;;;;;;;;;;;;;;;;;;98,67;99,08;99,14;99,13;99,61;99,94;99,69;99,69;100,87;100,87;100,50;100,50;100,50;100,06;100,06;100,19;100,19;99,81;99,81
2021-Q3;;;;;;;;;;;;;;;;;;;;;;;;;;;;;;;;;;;;;;;;;;;;;;;;;;;;;;;;;;;;;;;;;;;105,23;105,10;105,36;105,30;104,99;104,58;104,58;105,27;105,27;105,46;105,46;105,46;104,95;104,95;105,07;105,07;104,66;104,66
2021-Q4;;;;;;;;;;;;;;;;;;;;;;;;;;;;;;;;;;;;;;;;;;;;;;;;;;;;;;;;;;;;;;;;;;;;103,26;103,94;104,28;104,09;104,55;104,55;105,36;105,36;105,49;105,49;105,49;106,08;106,08;105,96;105,96;105,37;105,37
2022-Q1;;;;;;;;;;;;;;;;;;;;;;;;;;;;;;;;;;;;;;;;;;;;;;;;;;;;;;;;;;;;;;;;;;;;;103,80;105,13;105,00;105,27;106,01;105,96;105,96;106,04;106,04;106,04;107,54;107,54;107,38;107,38;108,26;108,26
2022-Q2;;;;;;;;;;;;;;;;;;;;;;;;;;;;;;;;;;;;;;;;;;;;;;;;;;;;;;;;;;;;;;;;;;;;;;105,99;105,98;105,87;106,21;106,18;106,18;105,69;105,69;105,69;107,49;107,49;107,66;107,66;108,49;108,49
2022-Q3;;;;;;;;;;;;;;;;;;;;;;;;;;;;;;;;;;;;;;;;;;;;;;;;;;;;;;;;;;;;;;;;;;;;;;;107,08;106,58;107,51;106,96;106,96;107,22;107,22;107,22;108,90;108,90;109,03;109,03;109,29;109,29
2022-Q4;;;;;;;;;;;;;;;;;;;;;;;;;;;;;;;;;;;;;;;;;;;;;;;;;;;;;;;;;;;;;;;;;;;;;;;;105,51;105,71;105,90;105,90;106,04;106,04;106,04;107,41;107,41;107,26;107,26;107,76;107,76
2023-Q1;;;;;;;;;;;;;;;;;;;;;;;;;;;;;;;;;;;;;;;;;;;;;;;;;;;;;;;;;;;;;;;;;;;;;;;;;104,41;105,57;105,57;105,23;105,41;105,34;107,03;107,03;106,86;106,86;107,58;107,58
2023-Q2;;;;;;;;;;;;;;;;;;;;;;;;;;;;;;;;;;;;;;;;;;;;;;;;;;;;;;;;;;;;;;;;;;;;;;;;;;105,62;105,62;105,39;105,63;105,62;107,87;107,87;108,07;108,07;108,55;108,55
2023-Q3;;;;;;;;;;;;;;;;;;;;;;;;;;;;;;;;;;;;;;;;;;;;;;;;;;;;;;;;;;;;;;;;;;;;;;;;;;;;105,11;105,60;105,60;107,83;107,83;107,98;107,98;107,88;107,88
2023-Q4;;;;;;;;;;;;;;;;;;;;;;;;;;;;;;;;;;;;;;;;;;;;;;;;;;;;;;;;;;;;;;;;;;;;;;;;;;;;;105,85;106,05;107,80;107,80;107,63;107,63;107,79;107,79
2024-Q1;;;;;;;;;;;;;;;;;;;;;;;;;;;;;;;;;;;;;;;;;;;;;;;;;;;;;;;;;;;;;;;;;;;;;;;;;;;;;;105,61;108,11;107,92;107,89;107,55;108,18;108,18
2024-Q2;;;;;;;;;;;;;;;;;;;;;;;;;;;;;;;;;;;;;;;;;;;;;;;;;;;;;;;;;;;;;;;;;;;;;;;;;;;;;;;107,87;107,36;107,73;107,65;108,31;108,31
2024-Q3;;;;;;;;;;;;;;;;;;;;;;;;;;;;;;;;;;;;;;;;;;;;;;;;;;;;;;;;;;;;;;;;;;;;;;;;;;;;;;;;107,67;107,98;107,94;108,53;108,53
2024-Q4;;;;;;;;;;;;;;;;;;;;;;;;;;;;;;;;;;;;;;;;;;;;;;;;;;;;;;;;;;;;;;;;;;;;;;;;;;;;;;;;;108,07;108,20;108,98;108,98
2025-Q1;;;;;;;;;;;;;;;;;;;;;;;;;;;;;;;;;;;;;;;;;;;;;;;;;;;;;;;;;;;;;;;;;;;;;;;;;;;;;;;;;;108,73;109,63;109,59
2025-Q2;;;;;;;;;;;;;;;;;;;;;;;;;;;;;;;;;;;;;;;;;;;;;;;;;;;;;;;;;;;;;;;;;;;;;;;;;;;;;;;;;;;109,69;109,74
2025-Q3;;;;;;;;;;;;;;;;;;;;;;;;;;;;;;;;;;;;;;;;;;;;;;;;;;;;;;;;;;;;;;;;;;;;;;;;;;;;;;;;;;;;109,46
