"";12.05.2005;11.08.2005;15.11.2005;14.02.2006;11.05.2006;14.08.2006;14.11.2006;13.02.2007;15.05.2007;14.08.2007;14.11.2007;14.02.2008;15.05.2008;14.08.2008;13.11.2008;13.02.2009;15.05.2009;13.08.2009;13.11.2009;12.02.2010;12.05.2010;13.08.2010;12.11.2010;15.02.2011;13.05.2011;16.08.2011;15.11.2011;15.02.2012;15.05.2012;14.08.2012;15.11.2012;14.02.2013;15.05.2013;14.08.2013;14.11.2013;14.02.2014;15.05.2014;14.08.2014;14.11.2014;13.02.2015;13.05.2015;14.08.2015;13.11.2015;12.02.2016;13.05.2016;12.08.2016;15.11.2016;14.02.2017;12.05.2017;15.08.2017;14.11.2017;14.02.2018;15.05.2018;14.08.2018;14.11.2018;14.02.2019;15.05.2019;14.08.2019;14.11.2019;14.02.2020;15.05.2020;30.07.2020;25.08.2020;30.10.2020;24.11.2020;29.01.2021;24.02.2021;30.04.2021;25.05.2021;30.07.2021;24.08.2021;29.10.2021;25.11.2021;28.01.2022;25.02.2022;29.04.2022;25.05.2022;29.07.2022;25.08.2022;28.10.2022;25.11.2022;30.01.2023;24.02.2023;28.04.2023;25.05.2023;28.07.2023;25.08.2023;12.10.2023;30.10.2023;24.11.2023;30.01.2024;23.02.2024;30.04.2024;24.05.2024;30.07.2024;30.08.2024;30.10.2024;22.11.2024;30.01.2025;25.02.2025;30.04.2025;23.05.2025;30.07.2025;22.08.2025
"";;;;;;;;;;;;;;;;;;;;;;;;;;;;;;;;;;;;;;;;;;;;;;;;;;;;;;;;;;;;;;;;;;;;;;;;;;;;;;;;;;;;;;;;;;;;;;;;;;;;;;;;
Aufzeichnungsmethode;Computer;Computer;Computer;Computer;Computer;Computer;Computer;Computer;Computer;Computer;Computer;Computer;Computer;Computer;Computer;Computer;Computer;Computer;Computer;Computer;Computer;Computer;Computer;Computer;Computer;Computer;Computer;Computer;Computer;Computer;Computer;Computer;Computer;Computer;Computer;Computer;Computer;Computer;Computer;Computer;Computer;Computer;Computer;Computer;Computer;Computer;Computer;Computer;Computer;Computer;Computer;Computer;Computer;Computer;Computer;Computer;Computer;Computer;Computer;Computer;Computer;Computer;Computer;Computer;Computer;Computer;Computer;Computer;Computer;Computer;Computer;Computer;Computer;Computer;Computer;Computer;Computer;Computer;Computer;Computer;Computer;Computer;Computer;Computer;Computer;Computer;Computer;Computer;Computer;Computer;Computer;Computer;Computer;Computer;Computer;Computer;Computer;Computer;Computer;Computer;Computer;Computer;Computer;Computer
BBK_COMM_SRC;;;;;;;;;;;;;;;;;;;;;;;;;;;;;;;;;;;;;;;;Saisonbereinigung basierend auf Ursprungswerten des Statistischen Bundesamts;Saisonbereinigung basierend auf Ursprungswerten des Statistischen Bundesamts;Saisonbereinigung basierend auf Ursprungswerten des Statistischen Bundesamts;Saisonbereinigung basierend auf Ursprungswerten des Statistischen Bundesamts;;;;;;;;;;;;;;;;;;;;;;;;;;;;;;;;;;;;;;;;;;;;;;;;;;;;;;;;;;Saisonbereinigung basierend auf Ursprungswerten des Statistischen Bundesamts;Saisonbereinigung basierend auf Ursprungswerten des Statistischen Bundesamts;Saisonbereinigung basierend auf Ursprungswerten des Statistischen Bundesamts;Saisonbereinigung basierend auf Ursprungswerten des Statistischen Bundesamts
Basisjahr;2000;2000;2000;2000;2000;2000;2000;2000;2000;2000;2000;2000;2000;2000;2000;2000;2000;2000;2000;2000;2000;2000;2000;2000;2000;2005;2005;2005;2005;2005;2005;2005;2005;2005;2005;2005;2005;2010;2010;2010;2010;2010;2010;2010;2010;2010;2010;2010;2010;2010;2010;2010;2010;2010;2010;2010;2010;2015;2015;2015;2015;2015;2015;2015;2015;2015;2015;2015;2015;2015;2015;2015;2015;2015;2015;2015;2015;2015;2015;2015;2015;2015;2015;2015;2015;2015;2015;2015;2015;2015;2015;2015;2015;2015;2020;2020;2020;2020;2020;2020;2020;2020;2020;2020
Dezimalstellen;2;2;2;2;2;2;2;2;2;2;2;2;2;2;2;2;2;2;2;2;2;2;2;2;2;2;2;2;2;2;2;2;2;2;2;2;2;2;2;2;2;2;2;2;2;2;2;2;2;2;2;2;2;2;2;2;2;2;2;2;2;2;2;2;2;2;2;2;2;2;2;2;2;2;2;2;2;2;2;2;2;2;2;2;2;2;2;2;2;2;2;2;2;2;2;2;2;2;2;2;2;2;2;2
Dimension;Eins;Eins;Eins;Eins;Eins;Eins;Eins;Eins;Eins;Eins;Eins;Eins;Eins;Eins;Eins;Eins;Eins;Eins;Eins;Eins;Eins;Eins;Eins;Eins;Eins;Eins;Eins;Eins;Eins;Eins;Eins;Eins;Eins;Eins;Eins;Eins;Eins;Eins;Eins;Eins;Eins;Eins;Eins;Eins;Eins;Eins;Eins;Eins;Eins;Eins;Eins;Eins;Eins;Eins;Eins;Eins;Eins;Eins;Eins;Eins;Eins;Eins;Eins;Eins;Eins;Eins;Eins;Eins;Eins;Eins;Eins;Eins;Eins;Eins;Eins;Eins;Eins;Eins;Eins;Eins;Eins;Eins;Eins;Eins;Eins;Eins;Eins;Eins;Eins;Eins;Eins;Eins;Eins;Eins;Eins;Eins;Eins;Eins;Eins;Eins;Eins;Eins;Eins;Eins
Einheit;2000=100;2000=100;2000=100;2000=100;2000=100;2000=100;2000=100;2000=100;2000=100;2000=100;2000=100;2000=100;2000=100;2000=100;2000=100;2000=100;2000=100;2000=100;2000=100;2000=100;2000=100;2000=100;2000=100;2000=100;2000=100;2005=100;2005=100;2005=100;2005=100;2005=100;2005=100;2005=100;2005=100;2005=100;2005=100;2005=100;2005=100;2010=100;2010=100;2010=100;2010=100;2010=100;2010=100;2010=100;2010=100;2010=100;2010=100;2010=100;2010=100;2010=100;2010=100;2010=100;2010=100;2010=100;2010=100;2010=100;2010=100;2015=100;2015=100;2015=100;2015=100;2015=100;2015=100;2015=100;2015=100;2015=100;2015=100;2015=100;2015=100;2015=100;2015=100;2015=100;2015=100;2015=100;2015=100;2015=100;2015=100;2015=100;2015=100;2015=100;2015=100;2015=100;2015=100;2015=100;2015=100;2015=100;2015=100;2015=100;2015=100;2015=100;2015=100;2015=100;2015=100;2015=100;2020=100;2020=100;2020=100;2020=100;2020=100;2020=100;2020=100;2020=100;2020=100;2020=100
FREQ;Q;Q;Q;Q;Q;Q;Q;Q;Q;Q;Q;Q;Q;Q;Q;Q;Q;Q;Q;Q;Q;Q;Q;Q;Q;Q;Q;Q;Q;Q;Q;Q;Q;Q;Q;Q;Q;Q;Q;Q;Q;Q;Q;Q;Q;Q;Q;Q;Q;Q;Q;Q;Q;Q;Q;Q;Q;Q;Q;Q;Q;Q;Q;Q;Q;Q;Q;Q;Q;Q;Q;Q;Q;Q;Q;Q;Q;Q;Q;Q;Q;Q;Q;Q;Q;Q;Q;Q;Q;Q;Q;Q;Q;Q;Q;Q;Q;Q;Q;Q;Q;Q;Q;Q
Kategorie;RTAAG1;RTAAG1;RTAAG1;RTAAG1;RTAAG1;RTAAG1;RTAAG1;RTAAG1;RTAAG1;RTAAG1;RTAAG1;RTAAG1;RTAAG1;RTAAG1;RTAAG1;RTAAG1;RTAAG1;RTAAG1;RTAAG1;RTAAG1;RTAAG1;RTAAG1;RTAAG1;RTAAG1;RTAAG1;RTAAG1;RTAAG1;RTAAG1;RTAAG1;RTAAG1;RTAAG1;RTAAG1;RTAAG1;RTAAG1;RTAAG1;RTAAG1;RTAAG1;RTAAG1;RTAAG1;RTAAG1;RTAAG1;RTAAG1;RTAAG1;RTAAG1;RTAAG1;RTAAG1;RTAAG1;RTAAG1;RTAAG1;RTAAG1;RTAAG1;RTAAG1;RTAAG1;RTAAG1;RTAAG1;RTAAG1;RTAAG1;RTAAG1;RTAAG1;RTAAG1;RTAAG1;RTAAG1;RTAAG1;RTAAG1;RTAAG1;RTAAG1;RTAAG1;RTAAG1;RTAAG1;RTAAG1;RTAAG1;RTAAG1;RTAAG1;RTAAG1;RTAAG1;RTAAG1;RTAAG1;RTAAG1;RTAAG1;RTAAG1;RTAAG1;RTAAG1;RTAAG1;RTAAG1;RTAAG1;RTAAG1;RTAAG1;RTAAG1;RTAAG1;RTAAG1;RTAAG1;RTAAG1;RTAAG1;RTAAG1;RTAAG1;RTAAG1;RTAAG1;RTAAG1;RTAAG1;RTAAG1;RTAAG1;RTAAG1;RTAAG1;RTAAG1
Originalkennung;JBB000;JBB000;JBB000;JBB000;JBB000;JBB000;JBB000;JBB000;JBB000;JBB000;JBB000;JBB000;JBB000;JBB000;JBB000;JBB000;JBB000;JBB000;JBB000;JBB000;JBB000;JBB000;JBB000;JBB000;JBB000;JBB000;JBB000;JBB000;JBB000;JBB000;JBB000;JBB000;JBB000;JBB000;JBB000;JBB000;JBB000;BBNZ1:Q:DE:Y:H:0000:A;BBNZ1:Q:DE:Y:H:0000:A;BBNZ1:Q:DE:Y:H:0000:A;BBNZ1:Q:DE:Y:H:0000:A;BBNZ1:Q:DE:Y:H:0000:A;BBNZ1:Q:DE:Y:H:0000:A;BBNZ1:Q:DE:Y:H:0000:A;BBNZ1:Q:DE:Y:H:0000:A;BBNZ1:Q:DE:Y:H:0000:A;BBNZ1:Q:DE:Y:H:0000:A;BBNZ1:Q:DE:Y:H:0000:A;BBNZ1:Q:DE:Y:H:0000:A;BBNZ1:Q:DE:Y:H:0000:A;BBNZ1:Q:DE:Y:H:0000:A;BBNZ1:Q:DE:Y:H:0000:A;BBNZ1:Q:DE:Y:H:0000:A;BBNZ1:Q:DE:Y:H:0000:A;BBNZ1:Q:DE:Y:H:0000:A;BBNZ1:Q:DE:Y:H:0000:A;BBNZ1:Q:DE:Y:H:0000:A;BBNZ1:Q:DE:Y:H:0000:A;BBNZ1:Q:DE:Y:H:0000:A;BBNZ1:Q:DE:Y:H:0000:A;BBNZ1:Q:DE:Y:H:0000:A;BBNZ1:Q:DE:Y:H:0000:A;BBNZ1:Q:DE:Y:H:0000:A;BBNZ1:Q:DE:Y:H:0000:A;BBNZ1:Q:DE:Y:H:0000:A;BBNZ1:Q:DE:Y:H:0000:A;BBNZ1:Q:DE:Y:H:0000:A;BBNZ1:Q:DE:Y:H:0000:A;BBNZ1:Q:DE:Y:H:0000:A;BBNZ1:Q:DE:Y:H:0000:A;BBNZ1:Q:DE:Y:H:0000:A;BBNZ1:Q:DE:Y:H:0000:A;BBNZ1:Q:DE:Y:H:0000:A;BBNZ1:Q:DE:Y:H:0000:A;BBNZ1:Q:DE:Y:H:0000:A;BBNZ1:Q:DE:Y:H:0000:A;BBNZ1:Q:DE:Y:H:0000:A;BBNZ1:Q:DE:Y:H:0000:A;BBNZ1:Q:DE:Y:H:0000:A;BBNZ1:Q:DE:Y:H:0000:A;BBNZ1:Q:DE:Y:H:0000:A;BBNZ1:Q:DE:Y:H:0000:A;BBNZ1:Q:DE:Y:H:0000:A;BBNZ1:Q:DE:Y:H:0000:A;BBNZ1:Q:DE:Y:H:0000:A;BBNZ1:Q:DE:Y:H:0000:A;BBNZ1:Q:DE:Y:H:0000:A;BBNZ1:Q:DE:Y:H:0000:A;BBNZ1:Q:DE:Y:H:0000:A;BBNZ1:Q:DE:Y:H:0000:A;BBNZ1:Q:DE:Y:H:0000:A;BBNZ1:Q:DE:Y:H:0000:A;BBNZ1:Q:DE:Y:H:0000:A;BBNZ1:Q:DE:Y:H:0000:A;BBNZ1:Q:DE:Y:H:0000:A;BBNZ1:Q:DE:Y:H:0000:A;BBNZ1:Q:DE:Y:H:0000:A;BBNZ1:Q:DE:Y:H:0000:A;BBNZ1:Q:DE:Y:H:0000:A;BBNZ1:Q:DE:Y:H:0000:A;BBNZ1:Q:DE:Y:H:0000:A;BBNZ1:Q:DE:Y:H:0000:A;BBNZ1:Q:DE:Y:H:0000:A;BBNZ1:Q:DE:Y:H:0000:A
1991-Q1;86,04;86,04;86,04;86,04;86,04;85,93;85,93;85,93;85,93;86,00;86,00;86,00;86,00;85,95;85,95;85,95;85,95;85,94;85,94;85,94;85,94;86,00;86,01;86,01;86,00;84,69;84,69;84,69;84,69;84,69;84,69;84,69;84,69;84,66;84,66;84,66;84,66;79,54;79,54;79,54;79,54;79,46;79,46;79,46;79,46;79,44;79,44;79,44;79,44;79,45;79,45;79,45;79,45;79,45;79,45;79,45;79,45;73,48;73,48;73,48;73,48;73,67;73,67;73,67;73,67;73,67;73,67;73,67;73,67;73,68;73,68;73,68;73,68;73,68;73,68;73,68;73,68;73,69;73,69;73,69;73,69;73,69;73,69;73,69;73,69;73,69;73,69;73,69;73,69;73,69;73,69;73,69;73,69;73,69;70,78;70,78;70,78;70,78;70,78;70,78;70,78;70,78;70,81;70,81
1991-Q2;85,32;85,32;85,32;85,32;85,32;85,33;85,33;85,33;85,33;85,31;85,31;85,31;85,31;85,30;85,30;85,30;85,30;85,31;85,31;85,31;85,31;85,30;85,32;85,32;85,30;84,31;84,31;84,31;84,31;84,32;84,32;84,32;84,32;84,31;84,31;84,31;84,31;79,19;79,19;79,19;79,19;79,12;79,12;79,12;79,12;79,12;79,12;79,12;79,12;79,12;79,12;79,12;79,12;79,12;79,12;79,12;79,12;73,11;73,11;73,11;73,11;73,28;73,28;73,28;73,28;73,28;73,28;73,28;73,28;73,29;73,29;73,29;73,29;73,29;73,29;73,29;73,29;73,30;73,30;73,30;73,30;73,30;73,30;73,30;73,30;73,30;73,30;73,30;73,30;73,30;73,30;73,30;73,30;73,30;70,47;70,47;70,47;70,47;70,47;70,47;70,47;70,47;70,47;70,47
1991-Q3;84,90;84,90;84,90;84,90;84,90;84,91;84,91;84,91;84,91;84,83;84,83;84,83;84,83;84,91;84,91;84,91;84,91;84,91;84,91;84,91;84,91;84,89;84,85;84,85;84,89;83,82;83,82;83,82;83,82;83,82;83,82;83,82;83,82;83,86;83,86;83,86;83,86;78,82;78,82;78,82;78,82;78,73;78,73;78,73;78,73;78,72;78,72;78,72;78,72;78,72;78,72;78,72;78,72;78,73;78,73;78,73;78,73;72,95;72,95;72,95;72,95;73,13;73,13;73,13;73,13;73,13;73,13;73,13;73,13;73,13;73,13;73,13;73,13;73,13;73,13;73,13;73,13;73,14;73,14;73,14;73,14;73,14;73,14;73,14;73,14;73,14;73,14;73,14;73,14;73,14;73,14;73,14;73,14;73,14;70,34;70,34;70,34;70,34;70,34;70,34;70,34;70,34;70,36;70,36
1991-Q4;86,14;86,14;86,14;86,14;86,14;86,11;86,11;86,11;86,11;86,14;86,14;86,14;86,14;86,16;86,16;86,16;86,16;86,15;86,15;86,15;86,15;86,12;86,13;86,13;86,12;85,05;85,05;85,05;85,05;85,06;85,06;85,06;85,06;85,05;85,05;85,05;85,05;79,78;79,78;79,78;79,78;79,70;79,70;79,70;79,70;79,73;79,73;79,73;79,73;79,74;79,74;79,74;79,74;79,73;79,73;79,73;79,73;73,88;73,88;73,88;73,88;74,08;74,08;74,08;74,08;74,08;74,08;74,08;74,08;74,08;74,08;74,08;74,08;74,08;74,08;74,08;74,08;74,08;74,08;74,08;74,08;74,08;74,08;74,08;74,08;74,08;74,08;74,08;74,08;74,08;74,08;74,08;74,08;74,08;71,33;71,33;71,33;71,33;71,33;71,33;71,33;71,33;71,37;71,37
1992-Q1;87,66;87,66;87,66;87,66;87,66;87,68;87,68;87,68;87,68;87,75;87,75;87,75;87,75;87,68;87,68;87,68;87,68;87,72;87,72;87,72;87,72;87,79;87,80;87,80;87,79;86,43;86,43;86,43;86,43;86,42;86,42;86,42;86,42;86,38;86,38;86,38;86,38;81,12;81,12;81,12;81,12;81,03;81,03;81,03;81,03;81,02;81,02;81,02;81,02;81,02;81,02;81,02;81,02;81,01;81,01;81,01;81,01;75,00;75,00;75,00;75,00;75,20;75,20;75,20;75,20;75,20;75,20;75,20;75,20;75,21;75,21;75,21;75,21;75,21;75,21;75,21;75,21;75,21;75,21;75,21;75,21;75,21;75,21;75,21;75,21;75,22;75,22;75,22;75,22;75,22;75,22;75,22;75,22;75,22;72,34;72,34;72,34;72,34;72,34;72,34;72,34;72,34;72,35;72,35
1992-Q2;87,01;87,01;87,01;87,01;87,01;87,02;87,02;87,02;87,02;87,01;87,01;87,01;87,01;86,98;86,98;86,98;86,98;86,99;86,99;86,99;86,99;86,97;86,98;86,98;86,97;85,72;85,72;85,72;85,72;85,74;85,74;85,74;85,74;85,73;85,73;85,73;85,73;80,55;80,55;80,55;80,55;80,47;80,47;80,47;80,47;80,47;80,47;80,47;80,47;80,49;80,49;80,49;80,49;80,48;80,48;80,48;80,48;74,46;74,46;74,46;74,46;74,62;74,62;74,62;74,62;74,62;74,62;74,62;74,62;74,63;74,63;74,63;74,63;74,63;74,63;74,63;74,63;74,64;74,64;74,64;74,64;74,64;74,64;74,64;74,64;74,64;74,64;74,64;74,64;74,64;74,64;74,64;74,64;74,64;71,90;71,90;71,90;71,90;71,90;71,90;71,90;71,90;71,90;71,90
1992-Q3;86,98;86,97;86,97;86,97;86,97;86,97;86,97;86,97;86,97;86,91;86,91;86,91;86,91;86,98;86,98;86,98;86,98;86,99;86,99;86,99;86,99;86,98;86,93;86,93;86,98;85,40;85,40;85,40;85,40;85,40;85,40;85,40;85,40;85,44;85,44;85,44;85,44;80,34;80,34;80,34;80,34;80,25;80,25;80,25;80,25;80,25;80,25;80,25;80,25;80,25;80,25;80,25;80,25;80,25;80,25;80,25;80,25;74,31;74,31;74,31;74,31;74,49;74,49;74,49;74,49;74,49;74,49;74,49;74,49;74,50;74,50;74,50;74,50;74,50;74,50;74,50;74,50;74,51;74,51;74,51;74,51;74,51;74,51;74,51;74,51;74,51;74,51;74,51;74,51;74,51;74,51;74,51;74,51;74,51;71,71;71,71;71,71;71,71;71,71;71,71;71,71;71,71;71,73;71,73
1992-Q4;86,99;86,99;86,99;86,99;86,99;86,99;86,99;86,99;86,99;86,97;86,97;86,97;86,97;86,98;86,98;86,98;86,98;87,01;87,01;87,01;87,01;86,99;87,00;87,00;86,99;85,38;85,38;85,38;85,38;85,39;85,39;85,39;85,39;85,40;85,40;85,40;85,40;80,13;80,13;80,13;80,13;80,04;80,04;80,04;80,04;80,07;80,07;80,07;80,07;80,08;80,08;80,08;80,08;80,08;80,08;80,08;80,08;74,08;74,08;74,08;74,08;74,26;74,26;74,26;74,26;74,26;74,26;74,26;74,26;74,26;74,26;74,26;74,26;74,26;74,26;74,26;74,26;74,27;74,27;74,27;74,27;74,27;74,27;74,27;74,27;74,27;74,27;74,27;74,27;74,27;74,27;74,27;74,27;74,27;71,50;71,50;71,50;71,50;71,50;71,50;71,50;71,50;71,53;71,53
1993-Q1;85,97;85,97;85,97;85,97;85,97;85,97;85,97;85,97;85,97;86,03;86,03;86,03;86,03;85,97;85,97;85,97;85,97;85,96;85,96;85,96;85,96;86,02;86,03;86,03;86,02;84,62;84,62;84,62;84,62;84,59;84,59;84,59;84,59;84,57;84,57;84,57;84,57;79,47;79,47;79,47;79,47;79,39;79,39;79,39;79,39;79,36;79,36;79,36;79,36;79,37;79,37;79,37;79,37;79,34;79,34;79,34;79,34;73,53;73,53;73,53;73,53;73,71;73,71;73,71;73,71;73,71;73,71;73,71;73,71;73,72;73,72;73,72;73,72;73,72;73,72;73,72;73,72;73,72;73,72;73,72;73,72;73,72;73,72;73,72;73,72;73,73;73,73;73,73;73,73;73,73;73,73;73,73;73,73;73,73;70,94;70,94;70,94;70,94;70,94;70,94;70,94;70,94;70,96;70,96
1993-Q2;86,13;86,13;86,13;86,13;86,13;86,15;86,15;86,15;86,15;86,14;86,14;86,14;86,14;86,14;86,14;86,14;86,14;86,15;86,15;86,15;86,15;86,13;86,14;86,14;86,13;84,60;84,60;84,60;84,60;84,62;84,62;84,62;84,62;84,60;84,60;84,60;84,60;79,48;79,48;79,48;79,48;79,40;79,40;79,40;79,40;79,41;79,41;79,41;79,41;79,41;79,41;79,41;79,41;79,41;79,41;79,41;79,41;73,53;73,53;73,53;73,53;73,69;73,69;73,69;73,69;73,69;73,69;73,69;73,69;73,70;73,70;73,70;73,70;73,70;73,70;73,70;73,70;73,70;73,70;73,70;73,70;73,70;73,70;73,70;73,70;73,71;73,71;73,71;73,71;73,71;73,71;73,71;73,71;73,71;70,97;70,97;70,97;70,97;70,97;70,97;70,97;70,97;70,97;70,97
1993-Q3;86,80;86,80;86,80;86,80;86,80;86,82;86,82;86,82;86,82;86,76;86,76;86,76;86,76;86,78;86,78;86,78;86,78;86,79;86,79;86,79;86,79;86,78;86,75;86,75;86,78;85,20;85,20;85,20;85,20;85,21;85,21;85,21;85,21;85,24;85,24;85,24;85,24;80,06;80,06;80,06;80,06;79,98;79,98;79,98;79,98;79,97;79,97;79,97;79,97;79,97;79,97;79,97;79,97;79,98;79,98;79,98;79,98;73,95;73,95;73,95;73,95;74,13;74,13;74,13;74,13;74,13;74,13;74,13;74,13;74,14;74,14;74,14;74,14;74,14;74,14;74,14;74,14;74,15;74,15;74,15;74,15;74,15;74,15;74,15;74,15;74,14;74,14;74,14;74,14;74,14;74,14;74,14;74,14;74,14;71,37;71,37;71,37;71,37;71,37;71,37;71,37;71,37;71,39;71,39
1993-Q4;86,92;86,92;86,92;86,92;86,92;86,96;86,96;86,96;86,96;86,93;86,93;86,93;86,93;86,95;86,95;86,95;86,95;86,98;86,98;86,98;86,98;86,97;86,98;86,98;86,97;85,04;85,04;85,04;85,04;85,06;85,06;85,06;85,06;85,06;85,06;85,06;85,06;79,97;79,97;79,97;79,97;79,87;79,87;79,87;79,87;79,90;79,90;79,90;79,90;79,92;79,92;79,92;79,92;79,92;79,92;79,92;79,92;73,88;73,88;73,88;73,88;74,06;74,06;74,06;74,06;74,06;74,06;74,06;74,06;74,07;74,07;74,07;74,07;74,07;74,07;74,07;74,07;74,09;74,09;74,09;74,09;74,09;74,09;74,09;74,09;74,09;74,09;74,09;74,09;74,09;74,09;74,09;74,09;74,09;71,32;71,32;71,32;71,32;71,32;71,32;71,32;71,32;71,33;71,33
1994-Q1;87,97;87,97;87,97;87,97;87,97;88,04;88,04;88,04;88,04;88,08;88,08;88,08;88,08;87,99;87,99;87,99;87,99;87,99;87,99;87,99;87,99;88,03;88,04;88,04;88,03;86,23;86,23;86,23;86,23;86,21;86,21;86,21;86,21;86,19;86,19;86,19;86,19;81,02;81,02;81,02;81,02;80,93;80,93;80,93;80,93;80,90;80,90;80,90;80,90;80,90;80,90;80,90;80,90;80,89;80,89;80,89;80,89;74,91;74,91;74,91;74,91;75,10;75,10;75,10;75,10;75,10;75,10;75,10;75,10;75,11;75,11;75,11;75,11;75,11;75,11;75,11;75,11;75,11;75,11;75,11;75,11;75,11;75,11;75,11;75,11;75,12;75,12;75,12;75,12;75,12;75,12;75,12;75,12;75,12;72,31;72,31;72,31;72,31;72,31;72,31;72,31;72,31;72,34;72,34
1994-Q2;88,37;88,37;88,37;88,37;88,37;88,38;88,38;88,38;88,38;88,37;88,37;88,37;88,37;88,34;88,34;88,34;88,34;88,35;88,35;88,35;88,35;88,33;88,34;88,34;88,33;86,50;86,50;86,50;86,50;86,52;86,52;86,52;86,52;86,51;86,51;86,51;86,51;81,23;81,23;81,23;81,23;81,16;81,16;81,16;81,16;81,18;81,18;81,18;81,18;81,18;81,18;81,18;81,18;81,17;81,17;81,17;81,17;75,11;75,11;75,11;75,11;75,28;75,28;75,28;75,28;75,28;75,28;75,28;75,28;75,29;75,29;75,29;75,29;75,29;75,29;75,29;75,29;75,29;75,29;75,29;75,29;75,29;75,29;75,29;75,29;75,30;75,30;75,30;75,30;75,30;75,30;75,30;75,30;75,30;72,73;72,73;72,73;72,73;72,73;72,73;72,73;72,73;72,74;72,74
1994-Q3;89,09;89,09;89,09;89,09;89,09;89,10;89,10;89,10;89,10;89,06;89,06;89,06;89,06;89,06;89,06;89,06;89,06;89,07;89,07;89,07;89,07;89,07;89,04;89,04;89,07;87,17;87,17;87,17;87,17;87,17;87,17;87,17;87,17;87,20;87,20;87,20;87,20;81,89;81,89;81,89;81,89;81,80;81,80;81,80;81,80;81,79;81,79;81,79;81,79;81,79;81,79;81,79;81,79;81,80;81,80;81,80;81,80;75,63;75,63;75,63;75,63;75,82;75,82;75,82;75,82;75,82;75,82;75,82;75,82;75,82;75,82;75,82;75,82;75,82;75,82;75,82;75,82;75,82;75,82;75,82;75,82;75,82;75,82;75,82;75,82;75,82;75,82;75,82;75,82;75,82;75,82;75,82;75,82;75,82;73,15;73,15;73,15;73,15;73,15;73,15;73,15;73,15;73,17;73,17
1994-Q4;89,76;89,76;89,76;89,76;89,76;89,79;89,79;89,79;89,79;89,77;89,77;89,77;89,77;89,77;89,77;89,77;89,77;89,78;89,78;89,78;89,78;89,78;89,78;89,78;89,78;88,15;88,15;88,15;88,15;88,18;88,18;88,18;88,18;88,17;88,17;88,17;88,17;82,89;82,89;82,89;82,89;82,80;82,80;82,80;82,80;82,85;82,85;82,85;82,85;82,87;82,87;82,87;82,87;82,86;82,86;82,86;82,86;76,51;76,51;76,51;76,51;76,70;76,70;76,70;76,70;76,70;76,70;76,70;76,70;76,71;76,71;76,71;76,71;76,71;76,71;76,71;76,71;76,72;76,72;76,72;76,72;76,72;76,72;76,72;76,72;76,74;76,74;76,74;76,74;76,74;76,74;76,74;76,74;76,74;73,97;73,97;73,97;73,97;73,97;73,97;73,97;73,97;73,98;73,98
1995-Q1;89,77;89,77;89,77;89,77;89,77;89,88;89,88;89,88;89,88;89,91;89,91;89,91;89,91;89,82;89,82;89,82;89,82;89,81;89,81;89,81;89,81;89,85;89,85;89,85;89,85;87,86;87,86;87,86;87,86;87,85;87,85;87,85;87,85;87,83;87,83;87,83;87,83;82,57;82,57;82,57;82,57;82,52;82,52;82,52;82,52;82,50;82,50;82,50;82,50;82,49;82,49;82,49;82,49;82,48;82,48;82,48;82,48;76,25;76,25;76,25;76,25;76,44;76,44;76,44;76,44;76,44;76,44;76,44;76,44;76,45;76,45;76,45;76,45;76,45;76,45;76,45;76,45;76,46;76,46;76,46;76,46;76,46;76,46;76,46;76,46;76,46;76,46;76,46;76,46;76,46;76,46;76,46;76,46;76,46;73,67;73,67;73,67;73,67;73,67;73,67;73,67;73,67;73,69;73,69
1995-Q2;90,77;90,77;90,77;90,77;90,77;90,78;90,78;90,78;90,78;90,78;90,78;90,78;90,78;90,73;90,73;90,73;90,73;90,73;90,73;90,73;90,73;90,72;90,73;90,73;90,72;88,68;88,68;88,68;88,68;88,70;88,70;88,70;88,70;88,69;88,69;88,69;88,69;83,28;83,28;83,28;83,28;83,20;83,20;83,20;83,20;83,21;83,21;83,21;83,21;83,21;83,21;83,21;83,21;83,21;83,21;83,21;83,21;76,83;76,83;76,83;76,83;77,01;77,01;77,01;77,01;77,01;77,01;77,01;77,01;77,01;77,01;77,01;77,01;77,01;77,01;77,01;77,01;77,02;77,02;77,02;77,02;77,02;77,02;77,02;77,02;77,02;77,02;77,02;77,02;77,02;77,02;77,02;77,02;77,02;74,27;74,27;74,27;74,27;74,27;74,27;74,27;74,27;74,28;74,28
1995-Q3;90,92;90,92;90,92;90,92;90,92;90,93;90,93;90,93;90,93;90,90;90,90;90,90;90,90;90,86;90,86;90,86;90,86;90,87;90,87;90,87;90,87;90,86;90,84;90,84;90,86;88,89;88,89;88,89;88,89;88,89;88,89;88,89;88,89;88,92;88,92;88,92;88,92;83,52;83,52;83,52;83,52;83,47;83,47;83,47;83,47;83,48;83,48;83,48;83,48;83,49;83,49;83,49;83,49;83,49;83,49;83,49;83,49;76,96;76,96;76,96;76,96;77,16;77,16;77,16;77,16;77,16;77,16;77,16;77,16;77,16;77,16;77,16;77,16;77,16;77,16;77,16;77,16;77,15;77,15;77,15;77,15;77,15;77,15;77,15;77,15;77,16;77,16;77,16;77,16;77,16;77,16;77,16;77,16;77,16;74,40;74,40;74,40;74,40;74,40;74,40;74,40;74,40;74,43;74,43
1995-Q4;90,67;90,67;90,67;90,67;90,67;90,72;90,72;90,72;90,72;90,73;90,73;90,73;90,73;90,80;90,80;90,80;90,80;90,80;90,80;90,80;90,80;90,80;90,80;90,80;90,80;88,79;88,79;88,79;88,79;88,81;88,81;88,81;88,81;88,80;88,80;88,80;88,80;83,47;83,47;83,47;83,47;83,43;83,43;83,43;83,43;83,45;83,45;83,45;83,45;83,45;83,45;83,45;83,45;83,45;83,45;83,45;83,45;76,99;76,99;76,99;76,99;77,17;77,17;77,17;77,17;77,17;77,17;77,17;77,17;77,18;77,18;77,18;77,18;77,18;77,18;77,18;77,18;77,19;77,19;77,19;77,19;77,19;77,19;77,19;77,19;77,19;77,19;77,19;77,19;77,19;77,19;77,19;77,19;77,19;74,43;74,43;74,43;74,43;74,43;74,43;74,43;74,43;74,46;74,46
1996-Q1;90,10;90,09;90,09;90,09;90,09;90,09;90,09;90,09;90,09;90,12;90,12;90,12;90,12;90,06;90,06;90,06;90,06;90,10;90,10;90,10;90,10;90,13;90,14;90,14;90,13;87,97;87,97;87,97;87,97;87,95;87,95;87,95;87,95;87,93;87,93;87,93;87,93;82,67;82,67;82,67;82,67;82,65;82,65;82,65;82,65;82,61;82,61;82,61;82,61;82,62;82,62;82,62;82,62;82,60;82,60;82,60;82,60;76,36;76,36;76,36;76,36;76,54;76,54;76,54;76,54;76,54;76,54;76,54;76,54;76,54;76,54;76,54;76,54;76,54;76,54;76,54;76,54;76,56;76,56;76,56;76,56;76,56;76,56;76,56;76,56;76,56;76,56;76,56;76,56;76,56;76,56;76,56;76,56;76,56;73,91;73,91;73,91;73,91;73,91;73,91;73,91;73,91;73,93;73,93
1996-Q2;91,53;91,53;91,53;91,53;91,53;91,54;91,54;91,54;91,54;91,53;91,53;91,53;91,53;91,50;91,50;91,50;91,50;91,51;91,51;91,51;91,51;91,51;91,50;91,50;91,51;89,26;89,26;89,26;89,26;89,29;89,29;89,29;89,29;89,28;89,28;89,28;89,28;83,80;83,80;83,80;83,80;83,77;83,77;83,77;83,77;83,79;83,79;83,79;83,79;83,80;83,80;83,80;83,80;83,80;83,80;83,80;83,80;77,40;77,40;77,40;77,40;77,58;77,58;77,58;77,58;77,58;77,58;77,58;77,58;77,58;77,58;77,58;77,58;77,58;77,58;77,58;77,58;77,59;77,59;77,59;77,59;77,59;77,59;77,59;77,59;77,60;77,60;77,60;77,60;77,60;77,60;77,60;77,60;77,60;74,94;74,94;74,94;74,94;74,94;74,94;74,94;74,94;74,94;74,94
1996-Q3;91,95;91,96;91,96;91,96;91,96;91,97;91,97;91,97;91,97;91,95;91,95;91,95;91,95;91,95;91,95;91,95;91,95;91,96;91,96;91,96;91,96;91,96;91,95;91,95;91,96;89,82;89,82;89,82;89,82;89,82;89,82;89,82;89,82;89,82;89,82;89,82;89,82;84,33;84,33;84,33;84,33;84,31;84,31;84,31;84,31;84,31;84,31;84,31;84,31;84,31;84,31;84,31;84,31;84,32;84,32;84,32;84,32;77,66;77,66;77,66;77,66;77,85;77,85;77,85;77,85;77,85;77,85;77,85;77,85;77,86;77,86;77,86;77,86;77,86;77,86;77,86;77,86;77,85;77,85;77,85;77,85;77,85;77,85;77,85;77,85;77,86;77,86;77,86;77,86;77,86;77,86;77,86;77,86;77,86;75,20;75,20;75,20;75,20;75,20;75,20;75,20;75,20;75,23;75,23
1996-Q4;92,31;92,31;92,31;92,31;92,31;92,29;92,29;92,29;92,29;92,31;92,31;92,31;92,31;92,40;92,40;92,40;92,40;92,39;92,39;92,39;92,39;92,39;92,38;92,38;92,39;90,09;90,09;90,09;90,09;90,10;90,10;90,10;90,10;90,10;90,10;90,10;90,10;84,75;84,75;84,75;84,75;84,75;84,75;84,75;84,75;84,78;84,78;84,78;84,78;84,78;84,78;84,78;84,78;84,78;84,78;84,78;84,78;78,22;78,22;78,22;78,22;78,43;78,43;78,43;78,43;78,43;78,43;78,43;78,43;78,43;78,43;78,43;78,43;78,43;78,43;78,43;78,43;78,44;78,44;78,44;78,44;78,44;78,44;78,44;78,44;78,44;78,44;78,44;78,44;78,44;78,44;78,44;78,44;78,44;75,88;75,88;75,88;75,88;75,88;75,88;75,88;75,88;75,92;75,92
1997-Q1;92,13;92,12;92,12;92,12;92,12;91,98;91,98;91,98;91,98;91,99;91,99;91,99;91,99;91,96;91,96;91,96;91,96;91,95;91,95;91,95;91,95;91,96;91,96;91,96;91,96;89,59;89,59;89,59;89,59;89,57;89,57;89,57;89,57;89,59;89,59;89,59;89,59;84,31;84,31;84,31;84,31;84,28;84,28;84,28;84,28;84,25;84,25;84,25;84,25;84,27;84,27;84,27;84,27;84,27;84,27;84,27;84,27;77,80;77,80;77,80;77,80;78,01;78,01;78,01;78,01;78,01;78,01;78,01;78,01;78,01;78,01;78,01;78,01;78,01;78,01;78,01;78,01;78,03;78,03;78,03;78,03;78,03;78,03;78,03;78,03;78,03;78,03;78,03;78,03;78,03;78,03;78,03;78,03;78,03;75,52;75,52;75,52;75,52;75,52;75,52;75,52;75,52;75,53;75,53
1997-Q2;93,07;93,08;93,08;93,08;93,08;93,11;93,11;93,11;93,11;93,11;93,11;93,11;93,11;93,12;93,12;93,12;93,12;93,14;93,14;93,14;93,14;93,13;93,13;93,13;93,13;90,89;90,89;90,89;90,89;90,89;90,89;90,89;90,89;90,90;90,90;90,90;90,90;85,47;85,47;85,47;85,47;85,44;85,44;85,44;85,44;85,45;85,45;85,45;85,45;85,46;85,46;85,46;85,46;85,45;85,45;85,45;85,45;78,85;78,85;78,85;78,85;79,01;79,01;79,01;79,01;79,01;79,01;79,01;79,01;79,02;79,02;79,02;79,02;79,02;79,02;79,02;79,02;79,04;79,04;79,04;79,04;79,04;79,04;79,04;79,04;79,04;79,04;79,04;79,04;79,04;79,04;79,04;79,04;79,04;76,37;76,37;76,37;76,37;76,37;76,37;76,37;76,37;76,37;76,37
1997-Q3;93,42;93,43;93,43;93,43;93,43;93,44;93,44;93,44;93,44;93,42;93,42;93,42;93,42;93,45;93,45;93,45;93,45;93,46;93,46;93,46;93,46;93,47;93,47;93,47;93,47;91,22;91,22;91,22;91,22;91,22;91,22;91,22;91,22;91,20;91,20;91,20;91,20;85,78;85,78;85,78;85,78;85,78;85,78;85,78;85,78;85,78;85,78;85,78;85,78;85,79;85,79;85,79;85,79;85,79;85,79;85,79;85,79;79,09;79,09;79,09;79,09;79,28;79,28;79,28;79,28;79,28;79,28;79,28;79,28;79,29;79,29;79,29;79,29;79,29;79,29;79,29;79,29;79,28;79,28;79,28;79,28;79,28;79,28;79,28;79,28;79,28;79,28;79,28;79,28;79,28;79,28;79,28;79,28;79,28;76,64;76,64;76,64;76,64;76,64;76,64;76,64;76,64;76,67;76,67
1997-Q4;94,22;94,21;94,21;94,21;94,21;94,16;94,16;94,16;94,16;94,16;94,16;94,16;94,16;94,17;94,17;94,17;94,17;94,17;94,17;94,17;94,17;94,18;94,19;94,19;94,19;91,82;91,82;91,82;91,82;91,83;91,83;91,83;91,83;91,84;91,84;91,84;91,84;86,35;86,35;86,35;86,35;86,36;86,36;86,36;86,36;86,39;86,39;86,39;86,39;86,40;86,40;86,40;86,40;86,39;86,39;86,39;86,39;79,65;79,65;79,65;79,65;79,87;79,87;79,87;79,87;79,87;79,87;79,87;79,87;79,86;79,86;79,86;79,86;79,86;79,86;79,86;79,86;79,88;79,88;79,88;79,88;79,88;79,88;79,88;79,88;79,88;79,88;79,88;79,88;79,88;79,88;79,88;79,88;79,88;77,21;77,21;77,21;77,21;77,21;77,21;77,21;77,21;77,24;77,24
1998-Q1;95,11;95,10;95,10;95,10;95,10;95,10;95,10;95,10;95,10;95,10;95,10;95,10;95,10;95,11;95,11;95,11;95,11;95,09;95,09;95,09;95,09;95,10;95,10;95,10;95,10;92,51;92,51;92,51;92,51;92,50;92,50;92,50;92,50;92,52;92,52;92,52;92,52;87,10;87,10;87,10;87,10;87,10;87,10;87,10;87,10;87,08;87,08;87,08;87,08;87,09;87,09;87,09;87,09;87,08;87,08;87,08;87,08;80,40;80,40;80,40;80,40;80,61;80,61;80,61;80,61;80,61;80,61;80,61;80,61;80,62;80,62;80,62;80,62;80,62;80,62;80,62;80,62;80,63;80,63;80,63;80,63;80,63;80,63;80,63;80,63;80,63;80,63;80,63;80,63;80,63;80,63;80,63;80,63;80,63;77,97;77,97;77,97;77,97;77,97;77,97;77,97;77,97;77,98;77,98
1998-Q2;94,65;94,66;94,66;94,66;94,66;94,66;94,66;94,66;94,66;94,67;94,67;94,67;94,67;94,65;94,65;94,65;94,65;94,66;94,66;94,66;94,66;94,66;94,66;94,66;94,66;92,14;92,14;92,14;92,14;92,16;92,16;92,16;92,16;92,17;92,17;92,17;92,17;86,78;86,78;86,78;86,78;86,80;86,80;86,80;86,80;86,81;86,81;86,81;86,81;86,81;86,81;86,81;86,81;86,82;86,82;86,82;86,82;80,09;80,09;80,09;80,09;80,27;80,27;80,27;80,27;80,27;80,27;80,27;80,27;80,27;80,27;80,27;80,27;80,27;80,27;80,27;80,27;80,28;80,28;80,28;80,28;80,28;80,28;80,28;80,28;80,29;80,29;80,29;80,29;80,29;80,29;80,29;80,29;80,29;77,61;77,61;77,61;77,61;77,61;77,61;77,61;77,61;77,62;77,62
1998-Q3;94,88;94,90;94,90;94,90;94,90;94,92;94,92;94,92;94,92;94,90;94,90;94,90;94,90;94,96;94,96;94,96;94,96;94,97;94,97;94,97;94,97;94,98;94,98;94,98;94,98;92,47;92,47;92,47;92,47;92,48;92,48;92,48;92,48;92,44;92,44;92,44;92,44;87,03;87,03;87,03;87,03;87,04;87,04;87,04;87,04;87,04;87,04;87,04;87,04;87,04;87,04;87,04;87,04;87,04;87,04;87,04;87,04;80,47;80,47;80,47;80,47;80,67;80,67;80,67;80,67;80,67;80,67;80,67;80,67;80,67;80,67;80,67;80,67;80,67;80,67;80,67;80,67;80,66;80,66;80,66;80,66;80,66;80,66;80,66;80,66;80,67;80,67;80,67;80,67;80,67;80,67;80,67;80,67;80,67;77,97;77,97;77,97;77,97;77,97;77,97;77,97;77,97;78,00;78,00
1998-Q4;94,85;94,84;94,84;94,84;94,84;94,86;94,86;94,86;94,86;94,83;94,83;94,83;94,83;94,78;94,78;94,78;94,78;94,79;94,79;94,79;94,79;94,80;94,80;94,80;94,80;92,40;92,40;92,40;92,40;92,42;92,42;92,42;92,42;92,42;92,42;92,42;92,42;86,97;86,97;86,97;86,97;86,99;86,99;86,99;86,99;87,01;87,01;87,01;87,01;87,02;87,02;87,02;87,02;87,01;87,01;87,01;87,01;80,11;80,11;80,11;80,11;80,31;80,31;80,31;80,31;80,31;80,31;80,31;80,31;80,32;80,32;80,32;80,32;80,32;80,32;80,32;80,32;80,33;80,33;80,33;80,33;80,33;80,33;80,33;80,33;80,34;80,34;80,34;80,34;80,34;80,34;80,34;80,34;80,34;77,95;77,95;77,95;77,95;77,95;77,95;77,95;77,95;77,98;77,98
1999-Q1;95,84;95,80;95,80;95,80;95,80;95,83;95,83;95,83;95,83;95,84;95,84;95,84;95,84;95,83;95,83;95,83;95,83;95,82;95,82;95,82;95,82;95,82;95,82;95,82;95,82;93,13;93,13;93,13;93,13;93,11;93,11;93,11;93,11;93,13;93,13;93,13;93,13;87,74;87,74;87,74;87,74;87,75;87,75;87,75;87,75;87,72;87,72;87,72;87,72;87,72;87,72;87,72;87,72;87,71;87,71;87,71;87,71;81,04;81,04;81,04;81,04;81,24;81,24;81,24;81,24;81,24;81,24;81,24;81,24;81,25;81,25;81,25;81,25;81,25;81,25;81,25;81,25;81,26;81,26;81,26;81,26;81,26;81,26;81,26;81,26;81,27;81,27;81,27;81,27;81,27;81,27;81,27;81,27;81,27;78,87;78,87;78,87;78,87;78,87;78,87;78,87;78,87;78,88;78,88
1999-Q2;95,71;95,71;95,71;95,71;95,71;95,72;95,72;95,72;95,72;95,74;95,74;95,74;95,74;95,78;95,78;95,78;95,78;95,78;95,78;95,78;95,78;95,78;95,78;95,78;95,78;93,23;93,23;93,23;93,23;93,25;93,25;93,25;93,25;93,25;93,25;93,25;93,25;87,88;87,88;87,88;87,88;87,88;87,88;87,88;87,88;87,90;87,90;87,90;87,90;87,91;87,91;87,91;87,91;87,91;87,91;87,91;87,91;81,05;81,05;81,05;81,05;81,24;81,24;81,24;81,24;81,24;81,24;81,24;81,24;81,25;81,25;81,25;81,25;81,25;81,25;81,25;81,25;81,26;81,26;81,26;81,26;81,26;81,26;81,26;81,26;81,27;81,27;81,27;81,27;81,27;81,27;81,27;81,27;81,27;78,77;78,77;78,77;78,77;78,77;78,77;78,77;78,77;78,78;78,78
1999-Q3;96,89;96,92;96,92;96,92;96,92;96,93;96,93;96,93;96,93;96,92;96,92;96,92;96,92;97,00;97,00;97,00;97,00;97,01;97,01;97,01;97,01;97,01;97,01;97,01;97,01;94,30;94,30;94,30;94,30;94,31;94,31;94,31;94,31;94,27;94,27;94,27;94,27;88,82;88,82;88,82;88,82;88,82;88,82;88,82;88,82;88,82;88,82;88,82;88,82;88,83;88,83;88,83;88,83;88,81;88,81;88,81;88,81;81,97;81,97;81,97;81,97;82,18;82,18;82,18;82,18;82,18;82,18;82,18;82,18;82,19;82,19;82,19;82,19;82,19;82,19;82,19;82,19;82,17;82,17;82,17;82,17;82,17;82,17;82,17;82,17;82,17;82,17;82,17;82,17;82,17;82,17;82,17;82,17;82,17;79,83;79,83;79,83;79,83;79,83;79,83;79,83;79,83;79,86;79,86
1999-Q4;98,13;98,13;98,13;98,13;98,13;98,20;98,20;98,20;98,20;98,14;98,14;98,14;98,14;98,03;98,03;98,03;98,03;98,04;98,04;98,04;98,04;98,06;98,06;98,06;98,06;95,33;95,33;95,33;95,33;95,33;95,33;95,33;95,33;95,34;95,34;95,34;95,34;89,90;89,90;89,90;89,90;89,90;89,90;89,90;89,90;89,93;89,93;89,93;89,93;89,94;89,94;89,94;89,94;89,93;89,92;89,92;89,92;82,62;82,62;82,62;82,62;82,82;82,82;82,82;82,82;82,82;82,82;82,82;82,82;82,82;82,82;82,82;82,82;82,82;82,82;82,82;82,82;82,84;82,84;82,84;82,84;82,84;82,84;82,84;82,84;82,85;82,85;82,85;82,85;82,85;82,85;82,85;82,85;82,85;80,21;80,21;80,21;80,21;80,21;80,21;80,21;80,21;80,24;80,24
2000-Q1;99,08;99,02;99,02;99,02;99,02;99,11;99,11;99,11;99,11;99,15;99,15;99,15;99,15;99,14;99,14;99,14;99,14;99,19;99,19;99,19;99,19;99,19;99,19;99,19;99,19;96,38;96,38;96,38;96,38;96,36;96,36;96,36;96,36;96,37;96,37;96,37;96,37;90,80;90,80;90,80;90,80;90,79;90,79;90,79;90,79;90,78;90,78;90,78;90,78;90,78;90,78;90,78;90,78;90,76;90,76;90,76;90,76;83,79;83,79;83,79;83,79;84,00;84,00;84,00;84,00;84,00;84,00;84,00;84,00;84,00;84,00;84,00;84,00;84,00;84,00;84,00;84,00;84,02;84,02;84,02;84,02;84,02;84,02;84,02;84,02;84,03;84,03;84,03;84,03;84,03;84,03;84,03;84,03;84,03;81,48;81,48;81,48;81,48;81,48;81,48;81,48;81,48;81,48;81,48
2000-Q2;100,25;100,27;100,27;100,27;100,27;100,27;100,27;100,27;100,27;100,30;100,30;100,30;100,30;100,29;100,29;100,29;100,29;100,30;100,30;100,30;100,30;100,30;100,30;100,30;100,30;97,41;97,41;97,41;97,41;97,43;97,43;97,43;97,43;97,42;97,42;97,42;97,42;91,71;91,71;91,71;91,71;91,70;91,70;91,70;91,70;91,70;91,70;91,70;91,70;91,70;91,70;91,70;91,70;91,70;91,70;91,70;91,70;84,49;84,49;84,49;84,49;84,69;84,69;84,69;84,69;84,69;84,69;84,69;84,69;84,69;84,69;84,69;84,69;84,69;84,69;84,69;84,69;84,70;84,70;84,70;84,70;84,70;84,70;84,70;84,70;84,71;84,71;84,71;84,71;84,71;84,71;84,71;84,71;84,71;82,11;82,11;82,11;82,11;82,11;82,11;82,11;82,11;82,13;82,13
2000-Q3;100,21;100,25;100,25;100,25;100,25;100,25;100,25;100,25;100,25;100,23;100,23;100,23;100,23;100,24;100,24;100,24;100,24;100,25;100,25;100,25;100,25;100,26;100,26;100,26;100,26;97,32;97,32;97,32;97,32;97,33;97,33;97,33;97,33;97,30;97,30;97,30;97,30;91,57;91,57;91,57;91,57;91,55;91,55;91,55;91,55;91,56;91,56;91,56;91,56;91,57;91,57;91,57;91,57;91,57;91,57;91,57;91,57;84,46;84,46;84,46;84,46;84,67;84,67;84,67;84,67;84,67;84,67;84,67;84,67;84,67;84,67;84,67;84,67;84,67;84,67;84,67;84,67;84,66;84,66;84,66;84,66;84,66;84,66;84,66;84,66;84,67;84,67;84,67;84,67;84,67;84,67;84,67;84,67;84,67;82,16;82,16;82,16;82,16;82,16;82,16;82,16;82,16;82,19;82,19
2000-Q4;100,36;100,36;100,36;100,36;100,36;100,42;100,42;100,42;100,42;100,40;100,40;100,40;100,40;100,32;100,32;100,32;100,32;100,33;100,33;100,33;100,33;100,33;100,33;100,33;100,33;97,26;97,26;97,26;97,26;97,27;97,27;97,27;97,27;97,28;97,28;97,28;97,28;91,66;91,66;91,66;91,66;91,63;91,63;91,63;91,63;91,63;91,63;91,63;91,63;91,64;91,64;91,64;91,64;91,64;91,64;91,64;91,64;84,19;84,19;84,19;84,19;84,40;84,40;84,40;84,40;84,40;84,40;84,40;84,40;84,41;84,41;84,41;84,41;84,41;84,41;84,41;84,41;84,41;84,41;84,41;84,41;84,41;84,41;84,41;84,41;84,42;84,42;84,42;84,42;84,42;84,42;84,42;84,42;84,42;81,81;81,81;81,81;81,81;81,81;81,81;81,81;81,81;81,84;81,84
2001-Q1;101,33;101,31;101,31;101,31;101,31;101,36;101,36;101,36;101,36;101,39;101,39;101,39;101,39;101,38;101,38;101,38;101,38;101,35;101,35;101,35;101,35;101,36;101,36;101,36;101,36;98,71;98,71;98,71;98,71;98,70;98,70;98,70;98,70;98,71;98,71;98,71;98,71;93,15;93,15;93,15;93,15;93,15;93,15;93,15;93,15;93,14;93,14;93,14;93,14;93,14;93,14;93,14;93,14;93,13;93,13;93,13;93,13;85,89;85,89;85,89;85,89;86,10;86,10;86,10;86,10;86,10;86,10;86,10;86,10;86,11;86,11;86,11;86,11;86,11;86,11;86,11;86,11;86,12;86,12;86,12;86,12;86,12;86,12;86,12;86,12;86,12;86,12;86,12;86,12;86,12;86,12;86,12;86,12;86,12;83,57;83,57;83,57;83,57;83,57;83,57;83,57;83,57;83,58;83,58
2001-Q2;101,36;101,42;101,42;101,42;101,42;101,40;101,40;101,40;101,40;101,44;101,44;101,44;101,44;101,41;101,41;101,41;101,41;101,43;101,43;101,43;101,43;101,42;101,42;101,42;101,42;98,82;98,82;98,82;98,82;98,83;98,83;98,83;98,83;98,82;98,82;98,82;98,82;93,23;93,23;93,23;93,23;93,22;93,22;93,22;93,22;93,22;93,22;93,22;93,22;93,22;93,22;93,22;93,22;93,23;93,23;93,23;93,23;85,86;85,86;85,86;85,86;86,06;86,06;86,06;86,06;86,06;86,06;86,06;86,06;86,06;86,06;86,06;86,06;86,06;86,06;86,06;86,06;86,08;86,08;86,08;86,08;86,08;86,08;86,08;86,08;86,09;86,09;86,09;86,09;86,09;86,09;86,09;86,09;86,09;83,33;83,33;83,33;83,33;83,33;83,33;83,33;83,33;83,37;83,37
2001-Q3;101,23;101,26;101,26;101,26;101,26;101,24;101,24;101,24;101,24;101,24;101,24;101,24;101,24;101,24;101,24;101,24;101,24;101,25;101,25;101,25;101,25;101,26;101,26;101,26;101,26;98,51;98,51;98,51;98,51;98,52;98,52;98,52;98,52;98,51;98,51;98,51;98,51;92,95;92,95;92,95;92,95;92,94;92,94;92,94;92,94;92,94;92,94;92,94;92,94;92,95;92,95;92,95;92,95;92,95;92,95;92,95;92,95;85,69;85,69;85,69;85,69;85,91;85,91;85,91;85,91;85,91;85,91;85,91;85,91;85,92;85,92;85,92;85,92;85,92;85,92;85,92;85,92;85,90;85,90;85,90;85,90;85,90;85,90;85,90;85,90;85,91;85,91;85,91;85,91;85,91;85,91;85,91;85,91;85,91;83,32;83,32;83,32;83,32;83,32;83,32;83,32;83,32;83,37;83,37
2001-Q4;101,32;101,46;101,46;101,46;101,46;101,51;101,51;101,51;101,51;101,48;101,48;101,48;101,48;101,49;101,49;101,49;101,49;101,50;101,50;101,50;101,50;101,50;101,50;101,50;101,50;98,71;98,71;98,71;98,71;98,71;98,71;98,71;98,71;98,70;98,70;98,70;98,70;93,11;93,11;93,11;93,11;93,10;93,10;93,10;93,10;93,07;93,07;93,07;93,07;93,06;93,06;93,06;93,06;93,06;93,06;93,06;93,06;85,60;85,60;85,60;85,60;85,82;85,82;85,82;85,82;85,82;85,82;85,82;85,82;85,82;85,82;85,82;85,82;85,82;85,82;85,82;85,82;85,84;85,83;85,83;85,83;85,83;85,83;85,83;85,83;85,83;85,83;85,83;85,83;85,83;85,83;85,83;85,83;85,83;83,07;83,07;83,07;83,07;83,07;83,07;83,07;83,07;83,11;83,11
2002-Q1;101,18;101,12;101,12;101,12;101,12;101,12;101,12;101,12;101,12;101,17;101,17;101,17;101,17;101,12;101,12;101,12;101,12;101,09;101,09;101,09;101,09;101,09;101,09;101,09;101,09;98,35;98,35;98,35;98,35;98,36;98,36;98,36;98,36;98,36;98,36;98,36;98,36;92,82;92,82;92,82;92,82;92,77;92,77;92,77;92,77;92,76;92,76;92,76;92,76;92,77;92,77;92,77;92,77;92,78;92,78;92,78;92,78;85,16;85,16;85,16;85,16;85,37;85,37;85,37;85,37;85,37;85,37;85,37;85,37;85,37;85,37;85,37;85,37;85,37;85,37;85,37;85,37;85,39;85,39;85,39;85,39;85,39;85,39;85,39;85,39;85,39;85,39;85,39;85,39;85,39;85,39;85,39;85,39;85,39;82,72;82,72;82,72;82,72;82,72;82,72;82,72;82,72;82,72;82,72
2002-Q2;101,29;101,26;101,26;101,26;101,26;101,22;101,22;101,22;101,22;101,28;101,28;101,28;101,28;101,29;101,29;101,29;101,29;101,31;101,31;101,31;101,31;101,30;101,30;101,30;101,30;98,66;98,66;98,66;98,66;98,65;98,65;98,65;98,65;98,64;98,64;98,64;98,64;93,01;93,01;93,01;93,01;93,00;93,00;93,00;93,00;93,01;93,01;93,01;93,01;93,01;93,01;93,01;93,01;93,01;93,01;93,01;93,01;85,53;85,53;85,53;85,53;85,73;85,73;85,73;85,73;85,73;85,73;85,73;85,73;85,75;85,75;85,75;85,75;85,75;85,75;85,75;85,75;85,76;85,76;85,76;85,76;85,76;85,76;85,76;85,76;85,76;85,76;85,76;85,76;85,76;85,76;85,76;85,76;85,76;83,01;83,01;83,01;83,01;83,01;83,01;83,01;83,01;83,04;83,04
2002-Q3;101,85;101,78;101,78;101,78;101,78;101,65;101,65;101,65;101,65;101,66;101,66;101,66;101,66;101,66;101,66;101,66;101,66;101,68;101,68;101,68;101,68;101,69;101,69;101,69;101,70;99,01;99,01;99,01;99,01;99,03;99,03;99,03;99,03;99,02;99,02;99,02;99,02;93,44;93,44;93,44;93,44;93,45;93,45;93,45;93,45;93,44;93,44;93,44;93,44;93,45;93,45;93,45;93,45;93,44;93,44;93,44;93,44;85,97;85,97;85,97;85,97;86,17;86,17;86,17;86,17;86,17;86,17;86,17;86,17;86,17;86,17;86,17;86,17;86,17;86,17;86,17;86,17;86,16;86,16;86,16;86,16;86,16;86,16;86,16;86,16;86,18;86,18;86,18;86,18;86,18;86,18;86,18;86,18;86,18;83,58;83,58;83,58;83,58;83,58;83,58;83,58;83,58;83,61;83,61
2002-Q4;101,71;101,67;101,67;101,67;101,67;101,54;101,54;101,54;101,54;101,45;101,45;101,45;101,45;101,49;101,49;101,49;101,49;101,49;101,49;101,49;101,49;101,52;101,52;101,52;101,52;98,82;98,82;98,82;98,82;98,84;98,84;98,84;98,84;98,83;98,83;98,83;98,83;93,26;93,26;93,26;93,26;93,25;93,25;93,25;93,25;93,25;93,25;93,25;93,25;93,25;93,25;93,25;93,25;93,24;93,24;93,24;93,24;85,82;85,82;85,82;85,82;86,05;86,05;86,05;86,05;86,05;86,05;86,05;86,05;86,05;86,05;86,05;86,05;86,05;86,05;86,05;86,05;86,05;86,05;86,05;86,05;86,05;86,05;86,05;86,05;86,06;86,06;86,06;86,06;86,06;86,06;86,06;86,06;86,06;83,36;83,36;83,36;83,36;83,36;83,36;83,36;83,36;83,38;83,38
2003-Q1;101,33;101,07;101,07;101,07;101,07;101,11;101,11;101,11;101,11;101,05;101,05;101,05;101,05;100,97;100,97;100,97;100,97;100,93;100,93;100,93;100,93;100,92;100,92;100,92;100,92;98,05;98,05;98,05;98,05;98,07;98,07;98,07;98,07;98,06;98,06;98,06;98,06;92,11;92,11;92,11;92,11;92,10;92,10;92,10;92,10;92,11;92,11;92,11;92,11;92,12;92,12;92,12;92,12;92,12;92,12;92,12;92,12;84,55;84,55;84,55;84,55;84,76;84,76;84,76;84,76;84,76;84,76;84,76;84,76;84,77;84,77;84,77;84,77;84,77;84,77;84,77;84,77;84,78;84,78;84,78;84,78;84,78;84,78;84,78;84,78;84,78;84,78;84,78;84,78;84,78;84,78;84,78;84,78;84,78;82,24;82,24;82,24;82,24;82,24;82,24;82,24;82,24;82,25;82,25
2003-Q2;101,25;100,91;100,91;100,91;100,91;100,75;100,75;100,75;100,75;100,78;100,78;100,78;100,78;100,76;100,76;100,76;100,76;100,78;100,78;100,78;100,78;100,77;100,77;100,77;100,76;97,99;97,99;97,99;97,99;97,98;97,98;97,98;97,98;97,98;97,98;97,98;97,98;92,16;92,16;92,16;92,16;92,13;92,13;92,13;92,13;92,14;92,14;92,14;92,14;92,14;92,14;92,14;92,14;92,14;92,14;92,14;92,14;84,64;84,64;84,64;84,64;84,86;84,86;84,86;84,86;84,86;84,86;84,86;84,86;84,87;84,87;84,87;84,87;84,87;84,87;84,87;84,87;84,87;84,87;84,87;84,87;84,87;84,87;84,87;84,87;84,87;84,87;84,87;84,87;84,87;84,87;84,87;84,87;84,87;82,34;82,34;82,34;82,34;82,34;82,34;82,34;82,34;82,37;82,37
2003-Q3;101,41;101,24;101,24;101,24;101,24;101,14;101,14;101,14;101,14;101,21;101,21;101,21;101,21;101,24;101,24;101,24;101,24;101,27;101,27;101,27;101,27;101,26;101,26;101,26;101,27;98,45;98,45;98,45;98,45;98,45;98,45;98,45;98,45;98,44;98,44;98,44;98,44;92,62;92,62;92,62;92,62;92,59;92,59;92,59;92,59;92,60;92,60;92,60;92,60;92,60;92,60;92,60;92,60;92,59;92,59;92,59;92,59;85,30;85,30;85,30;85,30;85,51;85,51;85,51;85,51;85,51;85,51;85,51;85,51;85,52;85,52;85,52;85,52;85,52;85,52;85,52;85,52;85,52;85,52;85,52;85,52;85,52;85,52;85,52;85,52;85,52;85,52;85,52;85,52;85,52;85,52;85,52;85,52;85,52;83,09;83,09;83,09;83,09;83,09;83,09;83,09;83,09;83,12;83,12
2003-Q4;102,02;101,85;101,85;101,85;101,85;101,72;101,72;101,72;101,72;101,59;101,59;101,59;101,59;101,65;101,65;101,65;101,65;101,64;101,64;101,64;101,64;101,69;101,69;101,69;101,71;98,83;98,83;98,83;98,83;98,84;98,84;98,84;98,84;98,84;98,84;98,84;98,84;92,94;92,94;92,94;92,94;92,92;92,92;92,92;92,92;92,94;92,94;92,94;92,94;92,94;92,94;92,94;92,94;92,93;92,93;92,93;92,93;85,53;85,53;85,53;85,53;85,74;85,74;85,74;85,74;85,74;85,74;85,74;85,74;85,75;85,75;85,75;85,75;85,75;85,75;85,75;85,75;85,76;85,76;85,76;85,76;85,76;85,76;85,76;85,76;85,76;85,76;85,76;85,76;85,76;85,76;85,76;85,76;85,76;83,19;83,19;83,19;83,19;83,19;83,19;83,19;83,19;83,22;83,22
2004-Q1;102,45;102,31;102,31;102,31;102,31;102,11;102,11;102,11;102,11;101,86;101,86;101,86;101,86;101,91;101,91;101,91;101,91;101,92;101,92;101,92;101,92;101,91;101,91;101,91;101,90;98,86;98,86;98,86;98,86;98,85;98,85;98,85;98,85;98,85;98,85;98,85;98,85;92,93;92,93;92,93;92,93;92,91;92,91;92,91;92,91;92,92;92,92;92,92;92,92;92,92;92,92;92,92;92,92;92,91;92,91;92,91;92,91;85,39;85,39;85,39;85,39;85,59;85,59;85,59;85,59;85,59;85,59;85,59;85,59;85,60;85,60;85,60;85,60;85,60;85,60;85,60;85,60;85,61;85,61;85,61;85,61;85,61;85,61;85,61;85,61;85,61;85,61;85,61;85,61;85,61;85,61;85,61;85,61;85,61;83,09;83,09;83,09;83,09;83,09;83,09;83,09;83,09;83,09;83,09
2004-Q2;102,66;102,48;102,48;102,48;102,48;102,00;102,00;102,00;102,00;101,78;101,78;101,78;101,78;101,98;101,98;101,98;101,98;102,00;102,00;102,00;102,00;102,00;102,00;102,00;101,98;99,17;99,17;99,17;99,17;99,17;99,17;99,17;99,17;99,17;99,17;99,17;99,17;93,27;93,27;93,27;93,27;93,23;93,23;93,23;93,23;93,24;93,24;93,24;93,24;93,24;93,24;93,24;93,24;93,24;93,24;93,24;93,24;85,82;85,82;85,82;85,82;86,03;86,03;86,03;86,03;86,03;86,03;86,03;86,03;86,03;86,03;86,03;86,03;86,03;86,03;86,03;86,03;86,05;86,05;86,05;86,05;86,05;86,05;86,05;86,05;86,05;86,05;86,05;86,05;86,05;86,05;86,05;86,05;86,05;83,56;83,56;83,56;83,56;83,56;83,56;83,56;83,56;83,58;83,58
2004-Q3;102,62;102,40;102,40;102,40;102,40;101,85;101,85;101,85;101,85;101,61;101,61;101,61;101,61;101,80;101,80;101,80;101,80;101,85;101,85;101,85;101,85;101,82;101,82;101,82;101,83;99,02;99,02;99,02;99,02;99,02;99,02;99,02;99,02;99,00;99,00;99,00;99,00;93,11;93,11;93,11;93,11;93,07;93,07;93,07;93,07;93,06;93,06;93,06;93,06;93,07;93,07;93,07;93,07;93,06;93,06;93,06;93,06;85,65;85,65;85,65;85,65;85,86;85,86;85,86;85,86;85,86;85,86;85,86;85,86;85,87;85,87;85,87;85,87;85,87;85,87;85,87;85,87;85,87;85,87;85,87;85,87;85,87;85,87;85,87;85,87;85,87;85,87;85,87;85,87;85,87;85,87;85,87;85,87;85,87;83,29;83,29;83,29;83,29;83,29;83,29;83,29;83,29;83,31;83,31
2004-Q4;102,48;102,31;102,31;102,31;102,31;101,88;101,88;101,88;101,88;101,69;101,69;101,69;101,69;101,83;101,83;101,83;101,83;101,84;101,84;101,84;101,84;101,90;101,90;101,90;101,93;99,02;99,02;99,02;99,02;99,03;99,03;99,03;99,03;99,03;99,03;99,03;99,03;93,17;93,17;93,17;93,17;93,13;93,13;93,13;93,13;93,15;93,15;93,15;93,15;93,16;93,16;93,16;93,16;93,15;93,15;93,15;93,15;85,57;85,57;85,57;85,57;85,77;85,77;85,77;85,77;85,77;85,77;85,77;85,77;85,78;85,78;85,78;85,78;85,78;85,78;85,78;85,78;85,79;85,79;85,79;85,79;85,79;85,79;85,79;85,79;85,80;85,80;85,80;85,80;85,80;85,80;85,80;85,80;85,80;83,25;83,25;83,25;83,25;83,25;83,25;83,25;83,25;83,28;83,28
2005-Q1;103,55;103,08;102,92;102,93;102,91;102,54;102,54;102,54;102,54;102,05;102,05;102,05;102,05;102,00;102,00;102,00;102,00;101,98;101,98;101,98;101,98;101,95;101,95;101,95;101,92;98,90;98,90;98,90;98,90;98,91;98,91;98,91;98,91;98,91;98,91;98,91;98,91;93,00;93,00;93,00;93,00;92,98;92,98;92,98;92,98;92,97;92,97;92,97;92,97;92,98;92,98;92,98;92,98;92,98;92,98;92,98;92,98;85,56;85,56;85,56;85,56;85,77;85,77;85,77;85,77;85,77;85,77;85,77;85,77;85,78;85,78;85,78;85,78;85,78;85,78;85,78;85,78;85,79;85,79;85,79;85,79;85,79;85,79;85,79;85,79;85,79;85,79;85,79;85,79;85,79;85,79;85,79;85,79;85,79;83,40;83,40;83,40;83,40;83,40;83,40;83,40;83,40;83,41;83,41
2005-Q2;;103,09;103,15;103,25;103,35;102,81;102,81;102,81;102,81;102,46;102,46;102,46;102,46;102,72;102,72;102,72;102,72;102,57;102,57;102,57;102,57;102,58;102,58;102,58;102,54;99,55;99,55;99,55;99,55;99,55;99,55;99,55;99,55;99,55;99,55;99,55;99,55;93,63;93,63;93,63;93,63;93,60;93,60;93,60;93,60;93,60;93,60;93,60;93,60;93,60;93,60;93,60;93,60;93,58;93,60;93,60;93,60;86,04;86,04;86,04;86,04;86,23;86,23;86,23;86,23;86,23;86,23;86,23;86,23;86,23;86,23;86,23;86,23;86,23;86,23;86,23;86,23;86,25;86,25;86,25;86,25;86,25;86,25;86,25;86,25;86,25;86,25;86,25;86,25;86,25;86,25;86,25;86,25;86,25;83,86;83,86;83,86;83,86;83,86;83,86;83,86;83,86;83,91;83,91
2005-Q3;;;103,79;103,89;104,00;103,34;103,34;103,34;103,34;103,04;103,04;103,04;103,04;103,25;103,25;103,25;103,25;103,28;103,28;103,28;103,28;103,25;103,25;103,25;103,25;100,33;100,33;100,33;100,33;100,32;100,32;100,32;100,32;100,31;100,31;100,31;100,31;94,39;94,39;94,39;94,39;94,35;94,35;94,35;94,35;94,35;94,35;94,35;94,35;94,36;94,36;94,36;94,36;94,34;94,34;94,34;94,34;86,75;86,75;86,75;86,75;86,96;86,96;86,96;86,96;86,96;86,96;86,96;86,96;86,97;86,97;86,97;86,97;86,97;86,97;86,97;86,97;86,98;86,98;86,98;86,98;86,98;86,98;86,98;86,98;86,98;86,98;86,98;86,98;86,98;86,98;86,98;86,98;86,98;84,55;84,55;84,55;84,55;84,55;84,55;84,55;84,55;84,57;84,57
2005-Q4;;;;103,90;104,01;103,62;103,62;103,62;103,62;103,33;103,33;103,33;103,33;103,43;103,43;103,43;103,43;103,50;103,50;103,50;103,50;103,58;103,58;103,58;103,63;100,59;100,59;100,59;100,59;100,64;100,64;100,64;100,64;100,65;100,65;100,65;100,65;94,71;94,71;94,71;94,71;94,68;94,68;94,68;94,68;94,71;94,71;94,71;94,71;94,72;94,72;94,72;94,72;94,71;94,71;94,71;94,71;87,16;87,16;87,16;87,16;87,38;87,38;87,38;87,38;87,38;87,38;87,38;87,38;87,38;87,38;87,38;87,38;87,38;87,38;87,38;87,38;87,39;87,39;87,39;87,39;87,39;87,39;87,39;87,39;87,40;87,40;87,40;87,40;87,40;87,40;87,40;87,40;87,40;84,87;84,87;84,87;84,87;84,87;84,87;84,87;84,87;84,89;84,89
2006-Q1;;;;;104,39;104,32;104,45;104,49;104,49;104,21;104,21;104,21;104,21;104,29;104,29;104,29;104,29;104,38;104,38;104,38;104,38;104,55;104,55;104,55;104,50;101,76;101,76;101,76;101,76;101,78;101,78;101,78;101,78;101,75;101,75;101,75;101,75;95,64;95,64;95,64;95,64;95,60;95,60;95,60;95,60;95,60;95,60;95,60;95,60;95,60;95,60;95,60;95,60;95,59;95,60;95,60;95,60;88,00;88,00;88,00;88,00;88,22;88,22;88,22;88,22;88,22;88,22;88,22;88,22;88,23;88,23;88,23;88,23;88,23;88,23;88,23;88,23;88,23;88,23;88,23;88,23;88,23;88,23;88,23;88,23;88,25;88,25;88,25;88,25;88,25;88,25;88,25;88,25;88,25;85,82;85,82;85,82;85,82;85,82;85,82;85,82;85,82;85,84;85,84
2006-Q2;;;;;;105,26;105,57;105,72;105,78;105,58;105,58;105,58;105,58;105,85;105,85;105,85;105,85;105,92;105,92;105,92;105,92;106,16;106,17;106,17;106,13;103,30;103,30;103,30;103,30;103,28;103,28;103,28;103,28;103,27;103,27;103,27;103,27;97,17;97,17;97,17;97,17;97,13;97,13;97,13;97,13;97,11;97,11;97,11;97,11;97,13;97,13;97,13;97,13;97,13;97,13;97,13;97,13;89,53;89,53;89,53;89,53;89,74;89,74;89,74;89,74;89,74;89,74;89,74;89,74;89,75;89,75;89,75;89,75;89,75;89,75;89,75;89,75;89,75;89,75;89,75;89,75;89,75;89,75;89,75;89,75;89,76;89,76;89,76;89,76;89,76;89,76;89,76;89,76;89,76;87,28;87,28;87,28;87,28;87,28;87,28;87,28;87,28;87,31;87,31
2006-Q3;;;;;;;106,24;106,55;106,65;106,36;106,36;106,36;106,36;106,59;106,59;106,59;106,59;106,89;106,89;106,89;106,89;107,06;107,05;107,05;107,05;104,29;104,29;104,29;104,29;104,28;104,28;104,28;104,28;104,27;104,27;104,27;104,27;98,12;98,12;98,12;98,12;98,08;98,08;98,08;98,08;98,09;98,09;98,09;98,09;98,10;98,10;98,10;98,10;98,10;98,10;98,10;98,10;90,21;90,21;90,21;90,21;90,44;90,44;90,44;90,44;90,44;90,44;90,44;90,44;90,44;90,44;90,44;90,44;90,44;90,44;90,44;90,44;90,45;90,45;90,45;90,45;90,45;90,45;90,45;90,45;90,45;90,45;90,45;90,45;90,45;90,45;90,45;90,45;90,45;87,96;87,96;87,96;87,96;87,96;87,96;87,96;87,96;87,97;87,97
2006-Q4;;;;;;;;107,48;107,70;107,41;107,41;107,41;107,41;107,71;107,71;107,71;107,71;107,96;107,96;107,96;107,96;108,25;108,25;108,25;108,34;105,56;105,56;105,56;105,56;105,62;105,62;105,62;105,62;105,63;105,63;105,63;105,63;99,40;99,40;99,40;99,40;99,37;99,37;99,37;99,37;99,38;99,38;99,38;99,38;99,38;99,38;99,38;99,38;99,39;99,38;99,38;99,38;91,59;91,59;91,59;91,59;91,80;91,80;91,80;91,80;91,80;91,80;91,80;91,80;91,81;91,81;91,81;91,81;91,81;91,81;91,81;91,81;91,82;91,82;91,82;91,82;91,82;91,82;91,82;91,82;91,82;91,82;91,82;91,82;91,82;91,82;91,82;91,82;91,82;89,24;89,24;89,24;89,24;89,24;89,24;89,24;89,24;89,26;89,26
2007-Q1;;;;;;;;;108,25;107,99;107,99;108,10;108,10;108,15;108,15;108,15;108,15;108,31;108,31;108,31;108,31;108,75;108,75;108,75;108,66;106,25;106,25;106,25;106,25;106,28;106,28;106,28;106,28;106,25;106,25;106,25;106,25;99,85;99,85;99,85;99,85;99,81;99,81;99,81;99,81;99,80;99,80;99,80;99,80;99,79;99,79;99,79;99,79;99,79;99,79;99,79;99,79;91,64;91,64;91,64;91,64;91,87;91,87;91,87;91,87;91,87;91,87;91,87;91,87;91,88;91,88;91,88;91,88;91,88;91,88;91,88;91,88;91,88;91,88;91,88;91,88;91,88;91,88;91,88;91,88;91,88;91,88;91,88;91,88;91,88;91,88;91,88;91,88;91,88;89,36;89,36;89,36;89,36;89,36;89,36;89,36;89,36;89,38;89,38
2007-Q2;;;;;;;;;;108,27;108,27;108,28;108,28;108,53;108,53;108,53;108,53;108,66;108,66;108,66;108,66;109,08;109,10;109,10;109,05;106,87;106,87;106,87;106,87;106,84;106,84;106,84;106,84;106,86;106,86;106,86;106,86;100,58;100,58;100,58;100,58;100,52;100,52;100,52;100,52;100,52;100,52;100,52;100,52;100,53;100,53;100,53;100,53;100,52;100,52;100,52;100,52;92,41;92,41;92,41;92,41;92,64;92,64;92,64;92,64;92,64;92,64;92,64;92,64;92,65;92,65;92,65;92,65;92,65;92,65;92,65;92,65;92,65;92,65;92,65;92,65;92,65;92,65;92,65;92,65;92,66;92,66;92,66;92,66;92,66;92,66;92,66;92,66;92,66;89,95;89,95;89,95;89,95;89,95;89,95;89,95;89,95;89,97;89,97
2007-Q3;;;;;;;;;;;109,01;109,00;109,00;109,18;109,18;109,18;109,18;109,53;109,53;109,53;109,53;109,90;109,88;109,88;109,87;107,80;107,80;107,80;107,80;107,76;107,76;107,76;107,76;107,75;107,75;107,75;107,75;101,41;101,41;101,41;101,41;101,36;101,36;101,36;101,36;101,37;101,37;101,37;101,37;101,38;101,38;101,38;101,38;101,37;101,37;101,37;101,37;92,88;92,88;92,88;92,88;93,11;93,11;93,11;93,11;93,11;93,11;93,11;93,11;93,11;93,11;93,11;93,11;93,11;93,11;93,11;93,11;93,13;93,13;93,13;93,13;93,13;93,13;93,13;93,13;93,13;93,13;93,13;93,13;93,13;93,13;93,13;93,13;93,13;90,40;90,40;90,40;90,40;90,40;90,40;90,40;90,40;90,43;90,43
2007-Q4;;;;;;;;;;;;109,29;109,29;109,55;109,55;109,55;109,55;109,68;109,68;109,68;109,68;110,16;110,16;110,16;110,29;108,07;108,07;108,07;108,07;108,15;108,15;108,15;108,15;108,13;108,13;108,13;108,13;101,73;101,73;101,73;101,73;101,69;101,69;101,69;101,69;101,66;101,66;101,66;101,66;101,66;101,66;101,66;101,66;101,67;101,66;101,66;101,66;93,48;93,48;93,48;93,48;93,73;93,73;93,73;93,73;93,73;93,73;93,73;93,73;93,73;93,73;93,73;93,73;93,73;93,73;93,73;93,73;93,73;93,73;93,73;93,73;93,73;93,73;93,73;93,73;93,73;93,73;93,73;93,73;93,73;93,73;93,73;93,73;93,73;91,07;91,07;91,07;91,07;91,07;91,07;91,07;91,07;91,10;91,10
2008-Q1;;;;;;;;;;;;;110,96;110,94;111,07;111,22;111,22;111,42;111,42;111,42;111,42;111,66;111,66;111,66;111,55;109,23;109,23;109,23;109,23;109,24;109,24;109,24;109,24;109,21;109,21;109,21;109,21;102,54;102,54;102,54;102,54;102,55;102,55;102,55;102,55;102,54;102,54;102,54;102,54;102,55;102,55;102,55;102,55;102,55;102,55;102,55;102,55;94,09;94,09;94,09;94,09;94,32;94,32;94,32;94,32;94,32;94,32;94,32;94,32;94,32;94,32;94,32;94,32;94,32;94,32;94,32;94,32;94,33;94,33;94,33;94,33;94,33;94,33;94,33;94,33;94,33;94,33;94,33;94,33;94,33;94,33;94,33;94,33;94,33;91,62;91,62;91,62;91,62;91,62;91,62;91,62;91,62;91,63;91,63
2008-Q2;;;;;;;;;;;;;;110,39;110,60;110,66;110,66;110,79;110,79;110,79;110,79;110,88;110,90;110,90;110,85;108,81;108,81;108,81;108,81;108,76;108,76;108,76;108,76;108,79;108,79;108,79;108,79;102,32;102,32;102,32;102,32;102,28;102,28;102,28;102,28;102,28;102,28;102,28;102,28;102,27;102,27;102,27;102,27;102,25;102,26;102,26;102,26;93,85;93,85;93,85;93,85;94,08;94,08;94,08;94,08;94,08;94,08;94,08;94,08;94,10;94,10;94,10;94,10;94,10;94,10;94,10;94,10;94,10;94,10;94,10;94,10;94,10;94,10;94,10;94,10;94,11;94,11;94,11;94,11;94,11;94,11;94,11;94,11;94,11;91,29;91,29;91,29;91,29;91,29;91,29;91,29;91,29;91,30;91,30
2008-Q3;;;;;;;;;;;;;;;110,02;110,06;110,06;110,44;110,44;110,44;110,44;110,42;110,40;110,40;110,41;108,38;108,38;108,38;108,38;108,33;108,33;108,33;108,33;108,30;108,30;108,30;108,30;101,91;101,91;101,91;101,91;101,90;101,90;101,90;101,90;101,90;101,90;101,90;101,90;101,90;101,90;101,90;101,90;101,90;101,90;101,90;101,90;93,26;93,26;93,26;93,26;93,49;93,49;93,49;93,49;93,49;93,49;93,49;93,49;93,49;93,49;93,49;93,49;93,49;93,49;93,49;93,49;93,50;93,50;93,50;93,50;93,50;93,50;93,50;93,50;93,50;93,50;93,50;93,50;93,50;93,50;93,50;93,50;93,50;90,79;90,79;90,79;90,79;90,79;90,79;90,79;90,79;90,80;90,80
2008-Q4;;;;;;;;;;;;;;;;107,74;107,61;107,74;107,74;107,74;107,74;107,99;107,99;107,99;108,15;106,03;106,03;106,03;106,03;106,13;106,13;106,13;106,13;106,16;106,16;106,16;106,16;99,92;99,92;99,92;99,92;99,90;99,90;99,90;99,90;99,92;99,92;99,92;99,92;99,93;99,93;99,93;99,93;99,93;99,92;99,92;99,92;91,77;91,77;91,77;91,77;91,99;91,99;91,99;91,99;91,99;91,99;91,99;91,99;92,00;92,00;92,00;92,00;92,00;92,00;92,00;92,00;92,01;92,01;92,01;92,01;92,01;92,01;92,01;92,01;92,01;92,01;92,01;92,01;92,01;92,01;92,01;92,01;92,01;89,39;89,39;89,39;89,39;89,39;89,39;89,39;89,39;89,39;89,39
2009-Q1;;;;;;;;;;;;;;;;;103,52;103,93;103,93;103,95;103,95;104,27;104,27;104,27;104,14;101,78;101,78;101,78;101,78;101,80;101,80;101,80;101,80;101,78;101,78;101,78;101,78;95,44;95,44;95,44;95,44;95,45;95,45;95,45;95,45;95,44;95,44;95,44;95,44;95,45;95,45;95,45;95,45;95,44;95,44;95,44;95,44;87,48;87,48;87,48;87,48;87,69;87,69;87,69;87,69;87,69;87,69;87,69;87,69;87,69;87,69;87,69;87,69;87,69;87,69;87,69;87,69;87,70;87,70;87,70;87,70;87,70;87,70;87,70;87,70;87,70;87,70;87,70;87,70;87,70;87,70;87,70;87,70;87,70;85,19;85,19;85,19;85,19;85,19;85,19;85,19;85,19;85,20;85,20
2009-Q2;;;;;;;;;;;;;;;;;;104,26;104,39;104,41;104,41;104,74;104,77;104,77;104,71;102,10;102,10;102,10;102,10;102,05;102,05;102,05;102,05;102,03;102,03;102,03;102,03;95,56;95,56;95,56;95,56;95,52;95,52;95,52;95,52;95,52;95,52;95,52;95,52;95,52;95,52;95,52;95,52;95,51;95,51;95,51;95,51;87,60;87,60;87,60;87,60;87,83;87,83;87,83;87,83;87,83;87,83;87,83;87,83;87,83;87,83;87,83;87,83;87,83;87,83;87,83;87,83;87,84;87,84;87,84;87,84;87,84;87,84;87,84;87,84;87,84;87,84;87,84;87,84;87,84;87,84;87,84;87,84;87,84;85,42;85,42;85,42;85,42;85,42;85,42;85,42;85,42;85,41;85,41
2009-Q3;;;;;;;;;;;;;;;;;;;105,15;105,17;105,17;105,52;105,49;105,49;105,50;102,93;102,93;102,93;102,93;102,86;102,86;102,86;102,86;102,79;102,79;102,79;102,79;96,08;96,08;96,08;96,08;96,08;96,08;96,08;96,08;96,09;96,09;96,09;96,09;96,09;96,09;96,09;96,09;96,10;96,10;96,10;96,10;88,10;88,10;88,10;88,10;88,31;88,31;88,31;88,31;88,31;88,31;88,31;88,31;88,32;88,32;88,32;88,32;88,32;88,32;88,32;88,32;88,33;88,33;88,33;88,33;88,33;88,33;88,33;88,33;88,33;88,33;88,33;88,33;88,33;88,33;88,33;88,33;88,33;85,93;85,93;85,93;85,93;85,93;85,93;85,93;85,93;85,94;85,94
2009-Q4;;;;;;;;;;;;;;;;;;;;105,18;105,36;105,83;105,83;105,83;106,02;103,68;103,68;103,68;103,68;103,80;103,80;103,80;103,80;103,85;103,85;103,85;103,85;96,92;96,92;96,92;96,92;96,95;96,95;96,95;96,95;96,95;96,95;96,95;96,95;96,97;96,97;96,97;96,97;96,97;96,97;96,97;96,97;88,76;88,76;88,76;88,76;88,96;88,96;88,96;88,96;88,96;88,96;88,96;88,96;88,97;88,97;88,97;88,97;88,97;88,97;88,97;88,97;88,98;88,98;88,98;88,98;88,98;88,98;88,98;88,98;88,98;88,98;88,98;88,98;88,98;88,98;88,98;88,98;88,98;86,60;86,60;86,60;86,60;86,60;86,60;86,60;86,60;86,60;86,60
2010-Q1;;;;;;;;;;;;;;;;;;;;;105,53;106,32;106,43;106,51;106,56;104,21;104,21;104,21;104,21;104,49;104,49;104,49;104,49;104,35;104,35;104,35;104,35;97,67;97,67;97,67;97,67;97,71;97,71;97,71;97,71;97,69;97,69;97,69;97,69;97,68;97,68;97,68;97,68;97,66;97,66;97,66;97,66;89,47;89,47;89,47;89,47;89,70;89,70;89,70;89,70;89,70;89,70;89,70;89,70;89,69;89,69;89,69;89,69;89,69;89,69;89,69;89,69;89,70;89,70;89,70;89,70;89,70;89,70;89,70;89,70;89,70;89,70;89,70;89,70;89,70;89,70;89,70;89,70;89,70;87,22;87,22;87,22;87,22;87,22;87,22;87,22;87,22;87,23;87,23
2010-Q2;;;;;;;;;;;;;;;;;;;;;;108,64;108,88;108,89;108,81;106,24;106,24;106,24;106,24;106,80;106,80;106,80;106,80;106,44;106,44;106,44;106,44;99,73;99,73;99,73;99,73;99,69;99,69;99,69;99,69;99,70;99,70;99,70;99,70;99,68;99,68;99,68;99,68;99,67;99,67;99,67;99,67;91,47;91,47;91,47;91,47;91,70;91,70;91,70;91,70;91,70;91,70;91,70;91,70;91,70;91,70;91,70;91,70;91,70;91,70;91,70;91,70;91,72;91,72;91,72;91,72;91,72;91,72;91,72;91,72;91,72;91,72;91,72;91,72;91,72;91,72;91,72;91,72;91,72;89,12;89,12;89,12;89,12;89,12;89,12;89,12;89,12;89,12;89,12
2010-Q3;;;;;;;;;;;;;;;;;;;;;;;109,64;109,65;109,66;107,08;107,08;107,08;107,08;107,55;107,55;107,55;107,55;107,30;107,30;107,30;107,30;100,49;100,49;100,49;100,49;100,48;100,48;100,48;100,48;100,48;100,48;100,48;100,48;100,49;100,49;100,49;100,49;100,49;100,50;100,50;100,50;92,23;92,23;92,23;92,23;92,46;92,46;92,46;92,46;92,46;92,46;92,46;92,46;92,47;92,47;92,47;92,47;92,47;92,47;92,47;92,47;92,47;92,47;92,47;92,47;92,47;92,47;92,47;92,47;92,48;92,48;92,48;92,48;92,48;92,48;92,48;92,48;92,48;89,98;89,98;89,98;89,98;89,98;89,98;89,98;89,98;89,98;89,98
2010-Q4;;;;;;;;;;;;;;;;;;;;;;;;110,05;110,06;107,59;107,59;107,59;107,59;108,20;108,20;108,20;108,20;108,20;108,20;108,20;108,20;101,23;101,23;101,23;101,23;101,27;101,27;101,27;101,27;101,30;101,30;101,30;101,30;101,33;101,33;101,33;101,33;101,32;101,32;101,32;101,32;92,99;92,99;92,99;92,99;93,19;93,19;93,19;93,19;93,19;93,19;93,19;93,19;93,22;93,22;93,22;93,22;93,22;93,22;93,22;93,22;93,22;93,22;93,22;93,22;93,22;93,22;93,22;93,22;93,23;93,23;93,23;93,23;93,23;93,23;93,23;93,23;93,23;90,57;90,57;90,57;90,57;90,57;90,57;90,57;90,57;90,57;90,57
2011-Q1;;;;;;;;;;;;;;;;;;;;;;;;;111,71;109,04;109,04;109,04;109,04;109,53;109,53;109,53;109,53;109,86;109,86;109,86;109,86;103,09;103,09;103,09;103,09;103,16;103,16;103,16;103,16;103,15;103,15;103,15;103,15;103,12;103,12;103,12;103,12;103,09;103,10;103,10;103,10;94,78;94,78;94,78;94,78;95,02;95,02;95,02;95,02;95,02;95,02;95,02;95,02;95,02;95,02;95,02;95,02;95,02;95,02;95,02;95,02;95,03;95,03;95,03;95,03;95,03;95,03;95,03;95,03;95,03;95,03;95,03;95,03;95,03;95,03;95,03;95,03;95,03;92,21;92,21;92,21;92,21;92,21;92,21;92,21;92,21;92,21;92,21
2011-Q2;;;;;;;;;;;;;;;;;;;;;;;;;;109,17;109,34;109,34;109,34;110,03;110,03;110,03;110,03;109,96;109,96;109,96;109,96;103,28;103,28;103,28;103,28;103,34;103,34;103,34;103,34;103,32;103,32;103,32;103,32;103,30;103,30;103,30;103,30;103,29;103,29;103,29;103,29;94,87;94,87;94,87;94,87;95,10;95,10;95,10;95,10;95,10;95,10;95,10;95,10;95,10;95,10;95,10;95,10;95,10;95,10;95,10;95,10;95,12;95,12;95,12;95,12;95,12;95,12;95,12;95,12;95,12;95,12;95,12;95,12;95,12;95,12;95,12;95,12;95,12;92,46;92,46;92,46;92,46;92,46;92,46;92,46;92,46;92,46;92,46
2011-Q3;;;;;;;;;;;;;;;;;;;;;;;;;;;109,89;109,97;109,97;110,43;110,43;110,43;110,43;110,43;110,43;110,43;110,43;103,68;103,68;103,68;103,68;103,76;103,76;103,76;103,76;103,79;103,79;103,79;103,79;103,79;103,79;103,79;103,79;103,80;103,80;103,80;103,80;95,69;95,69;95,69;95,69;95,93;95,93;95,93;95,93;95,93;95,93;95,93;95,93;95,95;95,95;95,95;95,95;95,95;95,95;95,95;95,95;95,96;95,96;95,96;95,96;95,96;95,96;95,96;95,96;95,96;95,96;95,96;95,96;95,96;95,96;95,96;95,96;95,96;92,97;92,96;92,96;92,96;92,96;92,96;92,96;92,96;92,96;92,96
2011-Q4;;;;;;;;;;;;;;;;;;;;;;;;;;;;109,77;109,77;110,27;110,27;110,27;110,27;110,54;110,54;110,54;110,54;103,68;103,68;103,68;103,68;103,73;103,73;103,73;103,73;103,77;103,77;103,77;103,77;103,81;103,81;103,81;103,81;103,81;103,81;103,81;103,81;95,43;95,43;95,43;95,43;95,63;95,63;95,63;95,63;95,63;95,63;95,63;95,63;95,65;95,65;95,65;95,65;95,65;95,65;95,65;95,65;95,65;95,65;95,65;95,65;95,65;95,65;95,65;95,65;95,66;95,66;95,66;95,66;95,66;95,66;95,66;95,66;95,66;92,96;92,96;92,96;92,96;92,96;92,96;92,96;92,96;92,95;92,95
2012-Q1;;;;;;;;;;;;;;;;;;;;;;;;;;;;;110,33;110,82;110,82;110,83;110,96;111,27;111,27;111,27;111,27;104,00;104,00;104,00;104,00;104,13;104,13;104,13;104,13;104,17;104,17;104,17;104,17;104,14;104,14;104,14;104,14;104,09;104,10;104,10;104,10;95,62;95,62;95,62;95,62;95,84;95,84;95,84;95,84;95,84;95,84;95,84;95,84;95,85;95,85;95,85;95,85;95,85;95,85;95,85;95,85;95,85;95,85;95,85;95,85;95,85;95,85;95,85;95,85;95,87;95,87;95,87;95,87;95,87;95,87;95,87;95,87;95,87;93,16;93,16;93,16;93,16;93,16;93,16;93,16;93,16;93,15;93,15
2012-Q2;;;;;;;;;;;;;;;;;;;;;;;;;;;;;;111,12;111,12;111,13;111,14;111,18;111,18;111,18;111,18;104,13;104,13;104,13;104,13;104,19;104,19;104,19;104,19;104,26;104,26;104,26;104,26;104,24;104,24;104,24;104,24;104,22;104,22;104,22;104,22;95,78;95,78;95,78;95,78;96,04;96,04;96,04;96,04;96,04;96,04;96,04;96,04;96,03;96,03;96,03;96,03;96,03;96,03;96,03;96,03;96,06;96,05;96,05;96,05;96,05;96,05;96,05;96,05;96,05;96,05;96,05;96,05;96,05;96,05;96,05;96,05;96,05;93,25;93,25;93,25;93,25;93,25;93,25;93,25;93,25;93,25;93,25
2012-Q3;;;;;;;;;;;;;;;;;;;;;;;;;;;;;;;111,38;111,39;111,38;111,40;111,40;111,40;111,40;104,22;104,22;104,22;104,22;104,36;104,36;104,36;104,36;104,47;104,47;104,47;104,47;104,48;104,48;104,48;104,48;104,52;104,52;104,52;104,52;96,06;96,06;96,06;96,06;96,30;96,30;96,30;96,30;96,30;96,30;96,30;96,30;96,31;96,31;96,31;96,31;96,31;96,31;96,31;96,31;96,32;96,32;96,32;96,32;96,32;96,32;96,32;96,32;96,33;96,33;96,33;96,33;96,33;96,33;96,33;96,33;96,33;93,45;93,45;93,45;93,45;93,45;93,45;93,45;93,45;93,44;93,44
2012-Q4;;;;;;;;;;;;;;;;;;;;;;;;;;;;;;;;110,73;110,61;110,89;110,89;110,89;110,89;103,79;103,79;103,79;103,79;103,85;103,85;103,85;103,85;103,97;103,97;103,97;103,97;104,01;104,01;104,01;104,01;104,02;104,02;104,02;104,02;95,66;95,66;95,66;95,66;95,88;95,88;95,88;95,88;95,88;95,88;95,88;95,88;95,88;95,88;95,88;95,88;95,88;95,88;95,88;95,88;95,88;95,89;95,89;95,89;95,89;95,89;95,89;95,89;95,88;95,88;95,88;95,88;95,88;95,88;95,88;95,88;95,88;93,14;93,14;93,14;93,14;93,14;93,14;93,14;93,14;93,16;93,16
2013-Q1;;;;;;;;;;;;;;;;;;;;;;;;;;;;;;;;;110,68;110,89;110,89;110,89;110,89;103,37;103,37;103,37;103,37;103,57;103,57;103,57;103,57;103,79;103,79;103,79;103,79;103,78;103,78;103,78;103,78;103,73;103,73;103,73;103,73;95,21;95,21;95,21;95,21;95,44;95,44;95,44;95,44;95,44;95,44;95,44;95,44;95,43;95,43;95,43;95,43;95,43;95,43;95,43;95,43;95,44;95,45;95,45;95,45;95,45;95,45;95,45;95,45;95,45;95,45;95,45;95,45;95,45;95,45;95,45;95,45;95,45;92,61;92,62;92,62;92,62;92,62;92,62;92,62;92,62;92,64;92,64
2013-Q2;;;;;;;;;;;;;;;;;;;;;;;;;;;;;;;;;;111,69;111,69;111,69;111,69;104,19;104,19;104,19;104,19;104,51;104,51;104,51;104,51;104,74;104,74;104,74;104,74;104,70;104,70;104,70;104,70;104,69;104,69;104,69;104,69;96,21;96,21;96,21;96,21;96,46;96,46;96,46;96,46;96,46;96,46;96,46;96,46;96,45;96,45;96,45;96,45;96,45;96,45;96,45;96,45;96,48;96,47;96,47;96,47;96,47;96,47;96,47;96,47;96,49;96,49;96,49;96,49;96,49;96,49;96,49;96,49;96,49;93,75;93,74;93,74;93,74;93,74;93,74;93,74;93,74;93,72;93,72
2013-Q3;;;;;;;;;;;;;;;;;;;;;;;;;;;;;;;;;;;112,05;112,05;112,05;104,50;104,50;104,50;104,50;104,90;104,90;104,90;104,90;105,21;105,21;105,21;105,21;105,23;105,23;105,23;105,23;105,28;105,28;105,28;105,28;96,73;96,73;96,73;96,73;96,98;96,98;96,98;96,98;96,98;96,98;96,98;96,98;97,01;97,01;97,01;97,01;97,01;97,01;97,01;97,01;97,01;97,01;97,01;97,01;97,01;97,01;97,01;97,01;97,02;97,02;97,02;97,02;97,02;97,02;97,02;97,02;97,02;94,21;94,21;94,21;94,21;94,21;94,21;94,21;94,21;94,20;94,20
2013-Q4;;;;;;;;;;;;;;;;;;;;;;;;;;;;;;;;;;;;112,48;112,48;104,97;104,97;104,97;104,97;105,24;105,24;105,24;105,24;105,60;105,60;105,60;105,60;105,66;105,66;105,66;105,66;105,68;105,67;105,67;105,67;97,06;97,06;97,06;97,06;97,29;97,29;97,29;97,29;97,29;97,29;97,29;97,29;97,30;97,30;97,30;97,30;97,30;97,30;97,30;97,30;97,29;97,29;97,29;97,29;97,29;97,29;97,29;97,29;97,29;97,29;97,29;97,29;97,29;97,29;97,29;97,29;97,29;94,32;94,32;94,32;94,32;94,32;94,32;94,32;94,32;94,34;94,34
2014-Q1;;;;;;;;;;;;;;;;;;;;;;;;;;;;;;;;;;;;;113,40;105,67;105,77;105,78;105,78;105,99;105,99;105,99;105,99;106,23;106,23;106,23;106,23;106,59;106,59;106,59;106,59;106,73;106,73;106,73;106,73;98,00;98,00;98,00;98,00;98,22;98,22;98,22;98,22;98,22;98,22;98,22;98,22;98,21;98,21;98,21;98,21;98,21;98,21;98,21;98,21;98,23;98,24;98,24;98,24;98,24;98,24;98,24;98,24;98,24;98,24;98,24;98,24;98,24;98,24;98,24;98,24;98,24;95,31;95,31;95,31;95,31;95,31;95,31;95,31;95,31;95,33;95,33
2014-Q2;;;;;;;;;;;;;;;;;;;;;;;;;;;;;;;;;;;;;;105,50;105,68;105,69;105,69;105,93;105,93;105,93;105,93;106,12;106,12;106,12;106,12;106,41;106,41;106,41;106,41;106,67;106,67;106,67;106,67;97,97;97,97;97,97;97,97;98,23;98,23;98,23;98,23;98,23;98,23;98,23;98,23;98,21;98,21;98,21;98,21;98,21;98,21;98,21;98,21;98,25;98,24;98,24;98,24;98,24;98,24;98,24;98,24;98,26;98,26;98,26;98,26;98,26;98,26;98,26;98,26;98,26;95,34;95,34;95,34;95,34;95,34;95,34;95,34;95,34;95,31;95,31
2014-Q3;;;;;;;;;;;;;;;;;;;;;;;;;;;;;;;;;;;;;;;105,75;105,76;105,76;106,13;106,13;106,13;106,13;106,42;106,42;106,42;106,42;106,75;106,75;106,75;106,75;107,04;107,04;107,04;107,04;98,45;98,45;98,45;98,45;98,71;98,71;98,71;98,71;98,71;98,71;98,71;98,71;98,74;98,74;98,74;98,74;98,74;98,74;98,74;98,74;98,74;98,74;98,74;98,74;98,74;98,74;98,74;98,74;98,73;98,73;98,73;98,73;98,73;98,73;98,73;98,73;98,73;95,83;95,83;95,83;95,83;95,83;95,83;95,83;95,83;95,84;95,84
2014-Q4;;;;;;;;;;;;;;;;;;;;;;;;;;;;;;;;;;;;;;;;106,50;106,50;106,78;106,78;106,78;106,78;107,26;107,26;107,26;107,26;107,70;107,70;107,70;107,70;108,07;108,06;108,06;108,06;99,30;99,30;99,30;99,30;99,53;99,53;99,53;99,53;99,53;99,53;99,53;99,53;99,54;99,54;99,54;99,54;99,54;99,54;99,54;99,54;99,53;99,54;99,54;99,54;99,54;99,54;99,54;99,54;99,53;99,53;99,53;99,53;99,53;99,53;99,53;99,53;99,53;96,54;96,54;96,54;96,54;96,54;96,54;96,54;96,54;96,57;96,57
2015-Q1;;;;;;;;;;;;;;;;;;;;;;;;;;;;;;;;;;;;;;;;;106,79;107,15;107,15;107,21;107,21;107,44;107,44;107,44;107,44;107,82;107,82;107,82;107,82;107,92;107,92;107,92;107,92;99,10;99,10;99,10;99,10;99,03;99,03;99,03;99,03;99,03;99,03;99,03;99,03;99,02;99,02;99,02;99,02;99,02;99,02;99,02;99,02;99,03;99,03;99,03;99,03;99,03;99,03;99,03;99,03;99,03;99,03;99,03;99,03;99,03;99,03;99,03;99,03;99,03;96,32;96,32;96,32;96,32;96,32;96,32;96,32;96,32;96,36;96,36
2015-Q2;;;;;;;;;;;;;;;;;;;;;;;;;;;;;;;;;;;;;;;;;;107,62;107,62;107,63;107,63;108,00;108,00;108,00;108,00;108,30;108,30;108,30;108,30;108,56;108,55;108,55;108,55;99,72;99,72;99,72;99,72;99,74;99,74;99,74;99,74;99,74;99,74;99,74;99,74;99,72;99,72;99,72;99,72;99,72;99,72;99,72;99,72;99,77;99,76;99,76;99,76;99,76;99,76;99,76;99,76;99,80;99,80;99,80;99,80;99,80;99,80;99,80;99,80;99,80;96,91;96,91;96,91;96,91;96,91;96,91;96,91;96,91;96,86;96,86
2015-Q3;;;;;;;;;;;;;;;;;;;;;;;;;;;;;;;;;;;;;;;;;;;107,96;107,93;107,93;108,26;108,26;108,26;108,26;108,65;108,65;108,65;108,65;108,89;108,90;108,90;108,90;100,17;100,17;100,17;100,17;100,17;100,17;100,17;100,17;100,17;100,17;100,17;100,17;100,22;100,22;100,22;100,22;100,22;100,22;100,22;100,22;100,20;100,21;100,21;100,21;100,21;100,21;100,21;100,21;100,19;100,19;100,19;100,19;100,19;100,19;100,19;100,19;100,19;97,36;97,36;97,36;97,36;97,36;97,36;97,36;97,36;97,38;97,38
2015-Q4;;;;;;;;;;;;;;;;;;;;;;;;;;;;;;;;;;;;;;;;;;;;108,22;108,22;108,65;108,65;108,65;108,65;109,11;109,11;109,11;109,11;109,49;109,49;109,49;109,49;100,61;100,61;100,61;100,61;100,64;100,64;100,64;100,64;100,64;100,64;100,64;100,64;100,65;100,65;100,65;100,65;100,65;100,65;100,65;100,65;100,64;100,65;100,65;100,65;100,65;100,65;100,65;100,65;100,64;100,64;100,64;100,64;100,64;100,64;100,64;100,64;100,64;97,82;97,81;97,81;97,81;97,81;97,81;97,81;97,81;97,88;97,88
2016-Q1;;;;;;;;;;;;;;;;;;;;;;;;;;;;;;;;;;;;;;;;;;;;;108,94;109,42;109,42;109,43;109,43;109,80;109,80;109,80;109,80;110,49;110,49;110,49;110,49;101,41;101,41;101,41;101,41;101,51;101,51;101,51;101,51;101,51;101,51;101,51;101,51;101,47;101,47;101,47;101,47;101,47;101,47;101,47;101,47;101,48;101,49;101,49;101,49;101,49;101,49;101,49;101,49;101,49;101,49;101,49;101,49;101,49;101,49;101,49;101,49;101,49;98,76;98,76;98,76;98,76;98,76;98,76;98,76;98,76;98,74;98,74
2016-Q2;;;;;;;;;;;;;;;;;;;;;;;;;;;;;;;;;;;;;;;;;;;;;;109,87;109,87;109,94;109,94;110,31;110,31;110,31;110,31;110,98;110,98;110,98;110,98;101,99;101,99;101,99;101,99;101,91;101,91;101,91;101,91;101,91;101,91;101,91;101,91;101,89;101,89;101,89;101,89;101,89;101,89;101,89;101,89;101,95;101,94;101,94;101,94;101,94;101,94;101,94;101,94;101,98;101,98;101,98;101,98;101,98;101,98;101,98;101,98;101,98;99,09;99,08;99,08;99,08;99,08;99,08;99,08;99,08;98,96;98,96
2016-Q3;;;;;;;;;;;;;;;;;;;;;;;;;;;;;;;;;;;;;;;;;;;;;;;110,08;110,09;110,12;110,68;110,68;110,68;110,68;111,17;111,17;111,17;111,17;102,20;102,20;102,20;102,20;102,16;102,16;102,16;102,16;102,16;102,16;102,16;102,16;102,24;102,24;102,24;102,24;102,24;102,24;102,24;102,24;102,21;102,20;102,20;102,20;102,20;102,20;102,20;102,20;102,18;102,18;102,18;102,18;102,18;102,18;102,18;102,18;102,18;99,36;99,38;99,38;99,38;99,38;99,38;99,38;99,38;99,31;99,31
2016-Q4;;;;;;;;;;;;;;;;;;;;;;;;;;;;;;;;;;;;;;;;;;;;;;;;110,56;110,58;111,14;111,14;111,14;111,14;111,60;111,60;111,60;111,60;102,57;102,57;102,57;102,57;102,55;102,55;102,55;102,55;102,55;102,55;102,55;102,55;102,56;102,56;102,56;102,56;102,56;102,56;102,56;102,56;102,57;102,57;102,57;102,57;102,57;102,57;102,57;102,57;102,57;102,57;102,57;102,57;102,57;102,57;102,57;102,57;102,57;99,78;99,78;99,78;99,78;99,78;99,78;99,78;99,78;99,77;99,77
2017-Q1;;;;;;;;;;;;;;;;;;;;;;;;;;;;;;;;;;;;;;;;;;;;;;;;;111,25;111,93;112,13;112,14;112,14;112,84;112,84;112,84;112,84;103,79;103,79;103,79;103,79;103,81;103,81;103,81;103,81;103,81;103,81;103,81;103,81;103,81;103,81;103,81;103,81;103,81;103,81;103,81;103,81;103,79;103,81;103,81;103,81;103,81;103,81;103,81;103,81;103,80;103,80;103,80;103,80;103,80;103,80;103,80;103,80;103,80;100,96;100,97;100,97;100,97;100,97;100,97;100,97;100,97;101,06;101,06
2017-Q2;;;;;;;;;;;;;;;;;;;;;;;;;;;;;;;;;;;;;;;;;;;;;;;;;;112,62;112,84;112,85;112,85;113,46;113,46;113,46;113,46;104,37;104,37;104,37;104,37;104,49;104,49;104,49;104,49;104,49;104,49;104,49;104,49;104,62;104,62;104,62;104,62;104,62;104,62;104,62;104,62;104,71;104,69;104,69;104,69;104,69;104,69;104,69;104,69;104,76;104,76;104,76;104,76;104,76;104,76;104,76;104,76;104,76;101,86;101,85;101,85;101,85;101,85;101,85;101,85;101,85;101,78;101,78
2017-Q3;;;;;;;;;;;;;;;;;;;;;;;;;;;;;;;;;;;;;;;;;;;;;;;;;;;113,77;113,68;113,68;114,12;114,12;114,12;114,12;105,27;105,27;105,27;105,27;105,41;105,41;105,41;105,41;105,41;105,41;105,41;105,41;105,54;105,54;105,54;105,54;105,54;105,54;105,54;105,54;105,46;105,46;105,46;105,46;105,46;105,46;105,46;105,46;105,42;105,42;105,42;105,42;105,42;105,42;105,42;105,42;105,42;102,55;102,56;102,56;102,56;102,56;102,56;102,56;102,56;102,59;102,59
2017-Q4;;;;;;;;;;;;;;;;;;;;;;;;;;;;;;;;;;;;;;;;;;;;;;;;;;;;114,37;114,37;114,73;114,73;114,73;114,73;106,04;106,04;106,04;106,04;106,29;106,29;106,29;106,29;106,29;106,29;106,29;106,29;106,39;106,39;106,39;106,39;106,39;106,39;106,39;106,39;106,41;106,42;106,42;106,42;106,42;106,42;106,42;106,42;106,42;106,42;106,42;106,42;106,42;106,42;106,42;106,42;106,42;103,56;103,54;103,54;103,54;103,54;103,54;103,54;103,54;103,63;103,63
2018-Q1;;;;;;;;;;;;;;;;;;;;;;;;;;;;;;;;;;;;;;;;;;;;;;;;;;;;;114,71;115,15;115,15;115,16;115,16;106,18;106,18;106,18;106,18;106,07;106,07;106,07;106,07;106,07;106,07;106,07;106,07;105,93;105,93;105,93;105,93;105,93;105,93;105,93;105,93;105,77;105,80;105,80;105,80;105,80;105,80;105,80;105,80;105,78;105,78;105,78;105,78;105,78;105,78;105,78;105,78;105,78;103,03;103,04;103,04;103,04;103,04;103,04;103,04;103,04;103,06;103,06
2018-Q2;;;;;;;;;;;;;;;;;;;;;;;;;;;;;;;;;;;;;;;;;;;;;;;;;;;;;;115,67;115,67;115,68;115,68;106,59;106,59;106,59;106,59;106,57;106,57;106,57;106,57;106,57;106,57;106,57;106,57;106,52;106,52;106,52;106,52;106,52;106,52;106,52;106,52;106,58;106,55;106,55;106,55;106,55;106,55;106,55;106,55;106,64;106,64;106,64;106,64;106,64;106,64;106,64;106,64;106,64;103,80;103,79;103,79;103,79;103,79;103,79;103,79;103,79;103,87;103,87
2018-Q3;;;;;;;;;;;;;;;;;;;;;;;;;;;;;;;;;;;;;;;;;;;;;;;;;;;;;;;115,44;115,45;115,45;106,48;106,48;106,48;106,48;106,22;106,22;106,22;106,22;106,22;106,22;106,22;106,22;106,07;106,07;106,07;106,07;106,07;106,07;106,07;106,07;105,72;105,71;105,71;105,71;105,71;105,71;105,71;105,71;105,65;105,65;105,65;105,65;105,65;105,65;105,65;105,65;105,65;103,02;103,04;103,04;103,04;103,04;103,04;103,04;103,04;103,19;103,19
2018-Q4;;;;;;;;;;;;;;;;;;;;;;;;;;;;;;;;;;;;;;;;;;;;;;;;;;;;;;;;115,47;115,47;106,70;106,70;106,70;106,70;106,58;106,58;106,58;106,58;106,58;106,58;106,58;106,58;106,48;106,48;106,48;106,48;106,48;106,48;106,48;106,48;106,55;106,55;106,55;106,55;106,55;106,55;106,55;106,55;106,56;106,56;106,56;106,56;106,56;106,56;106,56;106,56;106,56;103,70;103,69;103,69;103,69;103,69;103,69;103,69;103,69;103,65;103,65
2019-Q1;;;;;;;;;;;;;;;;;;;;;;;;;;;;;;;;;;;;;;;;;;;;;;;;;;;;;;;;;115,96;107,11;107,20;107,21;107,21;107,23;107,23;107,23;107,23;107,23;107,23;107,23;107,23;107,60;107,60;107,60;107,60;107,60;107,60;107,60;107,60;107,26;107,31;107,31;107,31;107,31;107,31;107,31;107,31;107,29;107,29;107,29;107,29;107,29;107,29;107,29;107,29;107,29;104,25;104,27;104,27;104,27;104,27;104,27;104,27;104,27;104,33;104,33
2019-Q2;;;;;;;;;;;;;;;;;;;;;;;;;;;;;;;;;;;;;;;;;;;;;;;;;;;;;;;;;;107,03;106,94;106,95;106,95;106,69;106,69;106,69;106,69;106,69;106,69;106,69;106,69;107,07;107,07;107,07;107,07;107,07;107,07;107,07;107,07;107,17;107,13;107,13;107,13;107,13;107,13;107,13;107,13;107,25;107,25;107,25;107,25;107,25;107,25;107,25;107,25;107,25;104,36;104,34;104,34;104,34;104,34;104,34;104,34;104,34;104,39;104,39
2019-Q3;;;;;;;;;;;;;;;;;;;;;;;;;;;;;;;;;;;;;;;;;;;;;;;;;;;;;;;;;;;107,03;107,16;107,23;107,02;107,02;107,02;107,02;107,02;107,02;107,02;107,02;107,51;107,51;107,51;107,51;107,51;107,51;107,51;107,51;107,27;107,25;107,25;107,25;107,25;107,25;107,25;107,25;107,23;107,23;107,23;107,23;107,23;107,23;107,23;107,23;107,23;104,60;104,62;104,62;104,62;104,62;104,62;104,62;104,62;104,79;104,79
2019-Q4;;;;;;;;;;;;;;;;;;;;;;;;;;;;;;;;;;;;;;;;;;;;;;;;;;;;;;;;;;;;107,19;107,12;107,00;107,00;107,00;107,00;107,00;107,00;107,00;107,00;107,43;107,43;107,43;107,43;107,43;107,43;107,43;107,43;107,52;107,53;107,53;107,53;107,53;107,53;107,53;107,53;107,55;107,55;107,55;107,55;107,55;107,55;107,55;107,55;107,55;104,60;104,58;104,58;104,58;104,58;104,58;104,58;104,58;104,44;104,44
2020-Q1;;;;;;;;;;;;;;;;;;;;;;;;;;;;;;;;;;;;;;;;;;;;;;;;;;;;;;;;;;;;;104,74;104,84;104,84;104,97;104,97;104,87;104,87;104,87;104,87;105,54;105,54;105,54;105,54;105,54;105,54;105,54;105,54;105,96;106,00;106,00;106,00;106,00;106,00;106,00;106,00;105,65;105,65;105,65;105,65;105,65;105,65;105,65;105,65;105,65;102,26;102,28;102,28;102,28;102,28;102,28;102,28;102,28;102,32;102,32
2020-Q2;;;;;;;;;;;;;;;;;;;;;;;;;;;;;;;;;;;;;;;;;;;;;;;;;;;;;;;;;;;;;;94,26;94,68;94,69;94,69;94,69;94,69;94,70;94,70;94,99;94,99;94,99;94,99;94,99;94,99;94,99;94,99;95,99;95,95;95,95;95,95;95,95;95,95;95,95;95,95;95,91;95,91;95,91;95,91;95,91;95,91;95,91;95,91;95,91;93,20;93,18;93,18;93,18;93,18;93,18;93,18;93,18;93,24;93,24
2020-Q3;;;;;;;;;;;;;;;;;;;;;;;;;;;;;;;;;;;;;;;;;;;;;;;;;;;;;;;;;;;;;;;;102,49;102,72;102,75;102,75;102,94;102,94;103,58;103,58;103,58;103,58;103,58;103,58;103,58;103,58;104,61;104,59;104,59;104,59;104,59;104,59;104,59;104,59;104,46;104,46;104,46;104,46;104,46;104,46;104,46;104,46;104,46;101,26;101,29;101,29;101,29;101,29;101,29;101,29;101,29;101,33;101,33
2020-Q4;;;;;;;;;;;;;;;;;;;;;;;;;;;;;;;;;;;;;;;;;;;;;;;;;;;;;;;;;;;;;;;;;;102,85;103,10;103,49;103,49;104,35;104,35;104,35;104,35;104,35;104,35;104,35;104,35;105,24;105,24;105,24;105,24;105,24;105,24;105,24;105,24;105,28;105,28;105,28;105,28;105,28;105,28;105,28;105,28;105,28;102,47;102,44;102,44;102,44;102,44;102,44;102,44;102,44;102,31;102,31
2021-Q1;;;;;;;;;;;;;;;;;;;;;;;;;;;;;;;;;;;;;;;;;;;;;;;;;;;;;;;;;;;;;;;;;;;;101,74;101,62;102,21;102,26;102,40;102,40;102,59;102,59;102,59;102,59;103,64;103,70;103,70;103,70;103,70;103,70;103,70;103,70;103,94;103,94;103,94;103,94;103,94;103,94;103,94;103,94;103,94;101,21;101,30;101,30;101,30;101,30;101,30;101,30;101,30;101,68;101,68
2021-Q2;;;;;;;;;;;;;;;;;;;;;;;;;;;;;;;;;;;;;;;;;;;;;;;;;;;;;;;;;;;;;;;;;;;;;;103,73;103,93;104,35;104,47;104,82;104,82;104,82;104,82;105,75;105,70;105,70;105,70;105,70;105,70;105,70;105,70;106,26;106,26;106,26;106,26;106,26;106,26;106,26;106,26;106,26;103,74;103,88;103,88;103,88;103,88;103,88;103,88;103,88;104,07;104,07
2021-Q3;;;;;;;;;;;;;;;;;;;;;;;;;;;;;;;;;;;;;;;;;;;;;;;;;;;;;;;;;;;;;;;;;;;;;;;;106,21;106,24;106,56;106,57;106,57;106,57;106,54;106,53;106,53;106,53;106,53;106,53;106,53;106,53;106,97;106,97;106,97;106,97;106,97;106,97;106,97;106,97;106,97;103,88;103,92;103,92;103,92;103,92;103,92;103,92;103,92;104,16;104,16
2021-Q4;;;;;;;;;;;;;;;;;;;;;;;;;;;;;;;;;;;;;;;;;;;;;;;;;;;;;;;;;;;;;;;;;;;;;;;;;;105,78;106,20;106,20;106,20;106,49;106,50;106,50;106,50;106,50;106,50;106,50;106,50;106,98;106,98;106,98;106,98;106,98;106,98;106,98;106,98;106,98;104,50;104,56;104,56;104,56;104,56;104,56;104,56;104,56;104,72;104,72
2022-Q1;;;;;;;;;;;;;;;;;;;;;;;;;;;;;;;;;;;;;;;;;;;;;;;;;;;;;;;;;;;;;;;;;;;;;;;;;;;;106,41;106,45;107,33;107,35;107,35;107,35;107,35;107,35;107,59;107,59;108,05;108,05;108,05;108,05;108,05;108,05;108,05;108,05;108,05;104,94;104,75;104,75;104,75;104,75;104,75;104,75;104,75;105,43;105,43
2022-Q2;;;;;;;;;;;;;;;;;;;;;;;;;;;;;;;;;;;;;;;;;;;;;;;;;;;;;;;;;;;;;;;;;;;;;;;;;;;;;;107,29;107,50;107,46;107,46;107,46;107,46;107,46;107,46;107,91;107,91;107,91;107,91;107,91;107,91;107,91;107,91;107,91;104,93;104,73;104,73;104,73;104,73;104,73;104,73;104,73;105,59;105,59
2022-Q3;;;;;;;;;;;;;;;;;;;;;;;;;;;;;;;;;;;;;;;;;;;;;;;;;;;;;;;;;;;;;;;;;;;;;;;;;;;;;;;;107,75;107,89;107,97;107,97;107,97;107,97;108,30;108,30;108,30;108,30;108,30;108,30;108,30;108,30;108,30;105,60;105,35;105,35;105,35;105,35;105,35;105,35;105,35;105,90;105,90
2022-Q4;;;;;;;;;;;;;;;;;;;;;;;;;;;;;;;;;;;;;;;;;;;;;;;;;;;;;;;;;;;;;;;;;;;;;;;;;;;;;;;;;;107,71;107,50;107,39;107,39;107,86;107,86;107,86;107,86;107,86;107,86;107,86;107,86;107,86;105,04;104,81;104,81;104,81;104,81;104,81;104,81;104,81;105,53;105,53
2023-Q1;;;;;;;;;;;;;;;;;;;;;;;;;;;;;;;;;;;;;;;;;;;;;;;;;;;;;;;;;;;;;;;;;;;;;;;;;;;;;;;;;;;;107,44;107,03;107,76;107,76;107,76;107,83;107,86;107,97;107,97;108,15;108,15;105,17;104,96;104,96;104,96;104,96;104,96;104,96;104,96;105,03;105,03
2023-Q2;;;;;;;;;;;;;;;;;;;;;;;;;;;;;;;;;;;;;;;;;;;;;;;;;;;;;;;;;;;;;;;;;;;;;;;;;;;;;;;;;;;;;;107,78;107,78;107,78;107,98;108,01;108,00;108,00;108,07;108,07;105,02;104,80;104,80;104,80;104,80;104,80;104,80;104,80;104,95;104,95
2023-Q3;;;;;;;;;;;;;;;;;;;;;;;;;;;;;;;;;;;;;;;;;;;;;;;;;;;;;;;;;;;;;;;;;;;;;;;;;;;;;;;;;;;;;;;;;107,90;107,87;107,99;107,99;108,22;108,22;105,24;105,00;105,00;105,00;105,00;105,00;105,00;105,00;104,95;104,95
2023-Q4;;;;;;;;;;;;;;;;;;;;;;;;;;;;;;;;;;;;;;;;;;;;;;;;;;;;;;;;;;;;;;;;;;;;;;;;;;;;;;;;;;;;;;;;;;;107,68;107,68;107,68;107,68;104,83;104,61;104,61;104,61;104,61;104,61;104,61;104,61;104,66;104,66
2024-Q1;;;;;;;;;;;;;;;;;;;;;;;;;;;;;;;;;;;;;;;;;;;;;;;;;;;;;;;;;;;;;;;;;;;;;;;;;;;;;;;;;;;;;;;;;;;;;107,91;107,91;105,04;104,85;104,85;104,85;104,86;104,86;104,86;104,86;104,55;104,55
2024-Q2;;;;;;;;;;;;;;;;;;;;;;;;;;;;;;;;;;;;;;;;;;;;;;;;;;;;;;;;;;;;;;;;;;;;;;;;;;;;;;;;;;;;;;;;;;;;;;;104,96;104,78;104,55;104,55;104,55;104,55;104,55;104,55;104,28;104,28
2024-Q3;;;;;;;;;;;;;;;;;;;;;;;;;;;;;;;;;;;;;;;;;;;;;;;;;;;;;;;;;;;;;;;;;;;;;;;;;;;;;;;;;;;;;;;;;;;;;;;;;104,74;104,66;104,66;104,66;104,66;104,66;104,30;104,30
2024-Q4;;;;;;;;;;;;;;;;;;;;;;;;;;;;;;;;;;;;;;;;;;;;;;;;;;;;;;;;;;;;;;;;;;;;;;;;;;;;;;;;;;;;;;;;;;;;;;;;;;;104,45;104,45;104,45;104,45;104,49;104,49
2025-Q1;;;;;;;;;;;;;;;;;;;;;;;;;;;;;;;;;;;;;;;;;;;;;;;;;;;;;;;;;;;;;;;;;;;;;;;;;;;;;;;;;;;;;;;;;;;;;;;;;;;;;104,67;104,88;104,81;104,81
2025-Q2;;;;;;;;;;;;;;;;;;;;;;;;;;;;;;;;;;;;;;;;;;;;;;;;;;;;;;;;;;;;;;;;;;;;;;;;;;;;;;;;;;;;;;;;;;;;;;;;;;;;;;;104,73;104,52
